Store_ID,Category,week_start,forecast_units,replenishment,closing_stock,stockout_flag
1,Accessories,2025-12-15,0.0,136.48717948717947,575.4871794871794,0
1,Accessories,2025-12-22,0.6825119833180808,0.0,574.8046675038613,0
1,Accessories,2025-12-29,1.1887593893645385,136.48717948717947,710.1030876016762,0
1,Accessories,2026-01-05,1.6611174720494042,0.0,708.4419701296267,0
1,Accessories,2026-01-12,2.771460000708281,0.0,705.6705101289184,0
1,Accessories,2026-01-19,3.872312449919413,0.0,701.798197678999,0
1,Accessories,2026-01-26,5.159850651963505,0.0,696.6383470270355,0
1,Accessories,2026-02-02,4.795281593366249,0.0,691.8430654336693,0
1,Accessories,2026-02-09,4.616970529592294,136.48717948717947,823.7132743912564,0
1,Accessories,2026-02-16,4.533280890930036,0.0,819.1799935003263,0
1,Accessories,2026-02-23,4.945618503532872,136.48717948717947,950.7215544839729,0
1,Accessories,2026-03-02,4.620398618552508,0.0,946.1011558654204,0
1,Accessories,2026-03-09,4.532047642541657,0.0,941.5691082228788,0
1,Dresses,2025-12-15,7.128553539016128,0.0,283.87144646098386,0
1,Dresses,2025-12-22,14.715084433457642,134.86486486486487,404.02122689239104,0
1,Dresses,2025-12-29,15.996636217574592,0.0,388.02459067481647,0
1,Dresses,2026-01-05,16.367087448660186,0.0,371.6575032261563,0
1,Dresses,2026-01-12,18.60676298012985,0.0,353.0507402460264,0
1,Dresses,2026-01-19,19.9942507362133,134.86486486486487,467.921354374678,0
1,Dresses,2026-01-26,19.947065510800847,134.86486486486487,582.8391537287421,0
1,Dresses,2026-02-02,20.842401064445227,134.86486486486487,696.8616175291618,0
1,Dresses,2026-02-09,20.44544720736917,134.86486486486487,811.2810351866575,0
1,Dresses,2026-02-16,20.382789993594677,0.0,790.8982451930628,0
1,Dresses,2026-02-23,20.56654247584959,134.86486486486487,905.1965675820782,0
1,Dresses,2026-03-02,20.80589135353096,0.0,884.3906762285472,0
1,Dresses,2026-03-09,20.203731297677145,134.86486486486487,999.051809795735,0
1,Jackets,2025-12-15,13.327196232275726,158.77142857142857,145.44423233915285,0
1,Jackets,2025-12-22,20.548595267485556,0.0,124.8956370716673,0
1,Jackets,2025-12-29,20.595114278069097,0.0,104.30052279359819,0
1,Jackets,2026-01-05,21.668970812154072,158.77142857142857,241.4029805528727,0
1,Jackets,2026-01-12,25.434675608932665,0.0,215.96830494394004,0
1,Jackets,2026-01-19,26.417415068731906,0.0,189.55088987520813,0
1,Jackets,2026-01-26,27.11037326279314,158.77142857142857,321.21194518384357,0
1,Jackets,2026-02-02,28.95971926268486,0.0,292.2522259211587,0
1,Jackets,2026-02-09,28.476926667320512,0.0,263.77529925383817,0
1,Jackets,2026-02-16,28.56218177001324,0.0,235.21311748382493,0
1,Jackets,2026-02-23,28.974922960780454,158.77142857142857,365.00962309447306,0
1,Jackets,2026-03-02,27.67393299081489,0.0,337.3356901036582,0
1,Jackets,2026-03-09,27.10959894401849,158.77142857142857,468.9975197310682,0
1,Shirts,2025-12-15,7.646417712984057,162.78787878787878,533.1414610748948,0
1,Shirts,2025-12-22,12.82411638065894,162.78787878787878,683.1052234821146,0
1,Shirts,2025-12-29,11.345549792326391,162.78787878787878,834.547552477667,0
1,Shirts,2026-01-05,10.027164431777948,0.0,824.520388045889,0
1,Shirts,2026-01-12,11.37998136410943,0.0,813.1404066817796,0
1,Shirts,2026-01-19,13.048373777345706,0.0,800.092032904434,0
1,Shirts,2026-01-26,13.458132549773175,162.78787878787878,949.4217791425395,0
1,Shirts,2026-02-02,14.22003284068589,162.78787878787878,1097.9896250897325,0
1,Shirts,2026-02-09,14.7322916138398,162.78787878787878,1246.0452122637714,0
1,Shirts,2026-02-16,15.184203937535273,0.0,1230.861008326236,0
1,Shirts,2026-02-23,15.708231508640726,162.78787878787878,1377.9406556054741,0
1,Shirts,2026-03-02,15.83213806092366,0.0,1362.1085175445505,0
1,Shirts,2026-03-09,16.099598756230183,0.0,1346.0089187883204,0
1,Trousers,2025-12-15,0.0,143.05882352941177,437.05882352941177,0
1,Trousers,2025-12-22,0.0,0.0,437.05882352941177,0
1,Trousers,2025-12-29,0.0,143.05882352941177,580.1176470588235,0
1,Trousers,2026-01-05,0.0,0.0,580.1176470588235,0
1,Trousers,2026-01-12,0.4488151921177714,0.0,579.6688318667058,0
1,Trousers,2026-01-19,0.9415381956930988,143.05882352941177,721.7861172004245,0
1,Trousers,2026-01-26,2.054785495241435,143.05882352941177,862.790155234595,0
1,Trousers,2026-02-02,2.733199151981001,0.0,860.056956082614,0
1,Trousers,2026-02-09,2.4853032916501427,0.0,857.5716527909639,0
1,Trousers,2026-02-16,2.3685120315044825,143.05882352941177,998.2619642888712,0
1,Trousers,2026-02-23,2.556620219083485,0.0,995.7053440697878,0
1,Trousers,2026-03-02,2.38643026763174,0.0,993.318913802156,0
1,Trousers,2026-03-09,2.555779173036389,0.0,990.7631346291196,0
2,Accessories,2025-12-15,0.0,123.73529411764706,551.7352941176471,0
2,Accessories,2025-12-22,0.0,0.0,551.7352941176471,0
2,Accessories,2025-12-29,0.0535064614090381,0.0,551.681787656238,0
2,Accessories,2026-01-05,0.3087468318360871,123.73529411764706,675.108334942049,0
2,Accessories,2026-01-12,0.5580795281006309,123.73529411764706,798.2855495315955,0
2,Accessories,2026-01-19,1.2961179668646765,0.0,796.9894315647308,0
2,Accessories,2026-01-26,1.9242044609559728,123.73529411764706,918.800521221422,0
2,Accessories,2026-02-02,1.5736341515634171,0.0,917.2268870698585,0
2,Accessories,2026-02-09,1.844766887276652,123.73529411764706,1039.1174143002288,0
2,Accessories,2026-02-16,1.674342380481096,123.73529411764706,1161.1783660373949,0
2,Accessories,2026-02-23,1.8582327427306384,0.0,1159.3201332946642,0
2,Accessories,2026-03-02,1.743944097370817,123.73529411764706,1281.3114833149405,0
2,Accessories,2026-03-09,1.743944097370817,0.0,1279.5675392175697,0
2,Dresses,2025-12-15,9.25013516937836,147.6451612903226,318.39502612094424,0
2,Dresses,2025-12-22,20.79483685126891,0.0,297.6001892696753,0
2,Dresses,2025-12-29,23.134383672095733,147.6451612903226,422.1109668879021,0
2,Dresses,2026-01-05,24.939280996290822,147.6451612903226,544.8168471819339,0
2,Dresses,2026-01-12,27.125967776226013,0.0,517.6908794057078,0
2,Dresses,2026-01-19,29.50793460973732,147.6451612903226,635.8281060862931,0
2,Dresses,2026-01-26,32.197108718764355,0.0,603.6309973675288,0
2,Dresses,2026-02-02,32.21548036602986,147.6451612903226,719.0606782918215,0
2,Dresses,2026-02-09,33.12209548366295,0.0,685.9385828081586,0
2,Dresses,2026-02-16,31.49361505803834,147.6451612903226,802.0901290404428,0
2,Dresses,2026-02-23,31.896890719746438,0.0,770.1932383206963,0
2,Dresses,2026-03-02,31.543680379442677,147.6451612903226,886.2947192315762,0
2,Dresses,2026-03-09,31.18683020372057,147.6451612903226,1002.7530503181782,0
2,Jackets,2025-12-15,12.130252155203053,153.83333333333334,463.70308117813033,0
2,Jackets,2025-12-22,20.886907923576715,153.83333333333334,596.649506587887,0
2,Jackets,2025-12-29,26.181427665323127,0.0,570.4680789225639,0
2,Jackets,2026-01-05,28.22541155433405,153.83333333333334,696.0760007015632,0
2,Jackets,2026-01-12,30.57509424671029,0.0,665.500906454853,0
2,Jackets,2026-01-19,32.185073762299126,153.83333333333334,787.1491660258872,0
2,Jackets,2026-01-26,30.88176951449799,153.83333333333334,910.1007298447227,0
2,Jackets,2026-02-02,29.185477188013834,0.0,880.9152526567088,0
2,Jackets,2026-02-09,26.33913996718841,0.0,854.5761126895204,0
2,Jackets,2026-02-16,25.60147493888504,153.83333333333334,982.8079710839687,0
2,Jackets,2026-02-23,25.518258349049532,153.83333333333334,1111.1230460682525,0
2,Jackets,2026-03-02,25.21781836900034,153.83333333333334,1239.7385610325855,0
2,Jackets,2026-03-09,23.673295399225523,0.0,1216.06526563336,0
2,Shirts,2025-12-15,11.636669638976157,0.0,264.3633303610238,0
2,Shirts,2025-12-22,18.913283686657223,197.8181818181818,443.2682284925484,0
2,Shirts,2025-12-29,19.85054696715131,0.0,423.4176815253971,0
2,Shirts,2026-01-05,12.972254728277331,0.0,410.44542679711975,0
2,Shirts,2026-01-12,13.251634886693903,0.0,397.19379191042583,0
2,Shirts,2026-01-19,16.217136886096974,0.0,380.97665502432886,0
2,Shirts,2026-01-26,18.069928226485978,197.8181818181818,560.7249086160248,0
2,Shirts,2026-02-02,18.168379490685275,197.8181818181818,740.3747109435212,0
2,Shirts,2026-02-09,18.441776985902745,197.8181818181818,919.7511157758004,0
2,Shirts,2026-02-16,21.41125186937049,197.8181818181818,1096.1580457246116,0
2,Shirts,2026-02-23,23.813648944548717,0.0,1072.3443967800629,0
2,Shirts,2026-03-02,24.304114622738005,0.0,1048.0402821573248,0
2,Shirts,2026-03-09,25.191261546786286,197.8181818181818,1220.6672024287202,0
2,Trousers,2025-12-15,0.0,178.26470588235293,503.2647058823529,0
2,Trousers,2025-12-22,0.0,178.26470588235293,681.5294117647059,0
2,Trousers,2025-12-29,0.0699904343325305,0.0,681.4594213303733,0
2,Trousers,2026-01-05,0.4144346311644853,178.26470588235293,859.3096925815618,0
2,Trousers,2026-01-12,0.8416077782505305,0.0,858.4680848033113,0
2,Trousers,2026-01-19,1.6239557264706022,178.26470588235293,1035.1088349591937,0
2,Trousers,2026-01-26,2.862751355245174,178.26470588235293,1210.5107894863015,0
2,Trousers,2026-02-02,3.713056896168249,0.0,1206.7977325901334,0
2,Trousers,2026-02-09,4.857027332347427,0.0,1201.940705257786,0
2,Trousers,2026-02-16,5.2233634331735175,178.26470588235293,1374.9820477069654,0
2,Trousers,2026-02-23,5.845864549883022,0.0,1369.1361831570823,0
2,Trousers,2026-03-02,5.596236904486523,0.0,1363.5399462525959,0
2,Trousers,2026-03-09,5.549688784508013,0.0,1357.990257468088,0
3,Accessories,2025-12-15,0.0,142.59459459459458,168.59459459459458,0
3,Accessories,2025-12-22,0.0,0.0,168.59459459459458,0
3,Accessories,2025-12-29,1.0128713556055084,142.59459459459458,310.17631783358365,0
3,Accessories,2026-01-05,1.718045387798988,0.0,308.45827244578464,0
3,Accessories,2026-01-12,1.865264152755045,142.59459459459458,449.18760288762417,0
3,Accessories,2026-01-19,1.77763295313691,142.59459459459458,590.0045645290818,0
3,Accessories,2026-01-26,2.0557436243691822,142.59459459459458,730.5434154993072,0
3,Accessories,2026-02-02,2.5352716746496,0.0,728.0081438246576,0
3,Accessories,2026-02-09,2.3386006997377247,142.59459459459458,868.2641377195145,0
3,Accessories,2026-02-16,2.4939590197337798,0.0,865.7701786997807,0
3,Accessories,2026-02-23,2.377940198478393,0.0,863.3922385013022,0
3,Accessories,2026-03-02,2.5815861065422085,142.59459459459458,1003.4052469893546,0
3,Accessories,2026-03-09,2.3975894870245624,0.0,1001.0076575023301,0
3,Dresses,2025-12-15,14.541418482677914,142.24242424242425,551.7010057597463,0
3,Dresses,2025-12-22,27.23629480069872,0.0,524.4647109590476,0
3,Dresses,2025-12-29,28.810787311014483,142.24242424242425,637.8963478904573,0
3,Dresses,2026-01-05,29.34726436284359,0.0,608.5490835276137,0
3,Dresses,2026-01-12,30.18506770751812,0.0,578.3640158200956,0
3,Dresses,2026-01-19,30.49333918512092,0.0,547.8706766349746,0
3,Dresses,2026-01-26,30.59820020833429,0.0,517.2724764266403,0
3,Dresses,2026-02-02,30.76564586204543,142.24242424242425,628.7492548070192,0
3,Dresses,2026-02-09,30.67151054820772,0.0,598.0777442588114,0
3,Dresses,2026-02-16,30.68390448029946,0.0,567.393839778512,0
3,Dresses,2026-02-23,30.83651250712649,0.0,536.5573272713855,0
3,Dresses,2026-03-02,30.601502546225465,142.24242424242425,648.1982489675843,0
3,Dresses,2026-03-09,30.42626329429929,0.0,617.771985673285,0
3,Jackets,2025-12-15,6.376047639120301,0.0,225.62395236087968,0
3,Jackets,2025-12-22,11.716992856714128,0.0,213.90695950416557,0
3,Jackets,2025-12-29,12.661567487089734,157.2941176470588,358.53950966413464,0
3,Jackets,2026-01-05,15.97797952050201,0.0,342.56153014363264,0
3,Jackets,2026-01-12,14.681146129272628,157.2941176470588,485.17450166141884,0
3,Jackets,2026-01-19,14.119790316967096,0.0,471.05471134445173,0
3,Jackets,2026-01-26,14.606845312749892,157.2941176470588,613.7419836787607,0
3,Jackets,2026-02-02,14.240736349514425,0.0,599.5012473292462,0
3,Jackets,2026-02-09,14.16642352232925,0.0,585.3348238069169,0
3,Jackets,2026-02-16,14.21066752262638,157.2941176470588,728.4182739313493,0
3,Jackets,2026-02-23,14.236998550895636,0.0,714.1812753804536,0
3,Jackets,2026-03-02,14.178350382430976,157.2941176470588,857.2970426450814,0
3,Jackets,2026-03-09,14.14399534970804,0.0,843.1530472953734,0
3,Shirts,2025-12-15,7.469777082912689,0.0,387.5302229170873,0
3,Shirts,2025-12-22,10.398952489086,0.0,377.1312704280013,0
3,Shirts,2025-12-29,10.780915851955177,0.0,366.35035457604613,0
3,Shirts,2026-01-05,10.553481859267874,0.0,355.79687271677824,0
3,Shirts,2026-01-12,10.830957863053362,167.75,512.7159148537248,0
3,Shirts,2026-01-19,10.996712002654895,167.75,669.4692028510699,0
3,Shirts,2026-01-26,11.47500835317183,0.0,657.9941944978981,0
3,Shirts,2026-02-02,11.471854595040991,0.0,646.5223399028571,0
3,Shirts,2026-02-09,11.473126833554227,0.0,635.0492130693028,0
3,Shirts,2026-02-16,11.492555683104552,0.0,623.5566573861983,0
3,Shirts,2026-02-23,11.50003601342697,167.75,779.8066213727712,0
3,Shirts,2026-03-02,11.465153976862322,0.0,768.3414673959089,0
3,Shirts,2026-03-09,11.545594858305314,167.75,924.5458725376036,0
3,Trousers,2025-12-15,6.224922729460233,0.0,361.7750772705398,0
3,Trousers,2025-12-22,11.16126994866401,126.45945945945945,477.0732667813352,0
3,Trousers,2025-12-29,11.447057759236312,126.45945945945945,592.0856684815583,0
3,Trousers,2026-01-05,10.950240584573178,126.45945945945945,707.5948873564446,0
3,Trousers,2026-01-12,11.980655411118423,126.45945945945945,822.0736914047857,0
3,Trousers,2026-01-19,12.332718910105818,0.0,809.7409724946799,0
3,Trousers,2026-01-26,12.390694178118704,126.45945945945945,923.8097377760207,0
3,Trousers,2026-02-02,12.416158016706742,126.45945945945945,1037.8530392187733,0
3,Trousers,2026-02-09,12.4566568748117,126.45945945945945,1151.855841803421,0
3,Trousers,2026-02-16,12.498691395767862,126.45945945945945,1265.8166098671127,0
3,Trousers,2026-02-23,12.545678835356988,126.45945945945945,1379.730390491215,0
3,Trousers,2026-03-02,12.498691395767862,126.45945945945945,1493.6911585549067,0
3,Trousers,2026-03-09,12.56177598555488,0.0,1481.1293825693517,0
4,Accessories,2025-12-15,0.0,0.0,229.0,0
4,Accessories,2025-12-22,0.0,0.0,229.0,0
4,Accessories,2025-12-29,0.0535064614090381,170.63333333333333,399.5798268719243,0
4,Accessories,2026-01-05,0.3087468318360871,170.63333333333333,569.9044133734216,0
4,Accessories,2026-01-12,0.5580795281006309,0.0,569.3463338453209,0
4,Accessories,2026-01-19,1.2961179668646765,0.0,568.0502158784562,0
4,Accessories,2026-01-26,1.9242044609559728,170.63333333333333,736.7593447508336,0
4,Accessories,2026-02-02,1.5736341515634171,170.63333333333333,905.8190439326036,0
4,Accessories,2026-02-09,1.844766887276652,170.63333333333333,1074.6076103786602,0
4,Accessories,2026-02-16,1.674342380481096,170.63333333333333,1243.5666013315126,0
4,Accessories,2026-02-23,1.8582327427306384,170.63333333333333,1412.3417019221151,0
4,Accessories,2026-03-02,1.743944097370817,0.0,1410.5977578247443,0
4,Accessories,2026-03-09,1.743944097370817,0.0,1408.8538137273736,0
4,Dresses,2025-12-15,13.494465652559544,0.0,252.50553434744046,0
4,Dresses,2025-12-22,30.336336334735545,0.0,222.16919801270492,0
4,Dresses,2025-12-29,33.74936042985524,0.0,188.41983758284968,0
4,Dresses,2026-01-05,36.38241654220003,0.0,152.03742104064963,0
4,Dresses,2026-01-12,39.57244232068004,0.0,112.4649787199696,0
4,Dresses,2026-01-19,43.04735042005157,185.82758620689654,255.24521450681456,0
4,Dresses,2026-01-26,46.9704247301599,185.82758620689654,394.1023759835512,0
4,Dresses,2026-02-02,46.99722602100222,185.82758620689654,532.9327361694455,0
4,Dresses,2026-02-09,48.31983226847538,0.0,484.6129039009702,0
4,Dresses,2026-02-16,45.944140155109885,0.0,438.6687637458603,0
4,Dresses,2026-02-23,46.532454754387125,185.82758620689654,577.9638951983698,0
4,Dresses,2026-03-02,46.01717744026348,0.0,531.9467177581063,0
4,Dresses,2026-03-09,45.4965901892433,185.82758620689654,672.2777137757595,0
4,Jackets,2025-12-15,15.55833533517581,0.0,120.44166466482419,0
4,Jackets,2025-12-22,26.78967538614267,140.9090909090909,234.56108018777243,0
4,Jackets,2025-12-29,33.580458671341425,140.9090909090909,341.8897124255219,0
4,Jackets,2026-01-05,36.2020848632824,140.9090909090909,446.5967184713304,0
4,Jackets,2026-01-12,39.21580220332695,140.9090909090909,548.2900071770944,0
4,Jackets,2026-01-19,41.28077174112431,140.9090909090909,647.9183263450609,0
4,Jackets,2026-01-26,39.60914577064919,140.9090909090909,749.2182714835026,0
4,Jackets,2026-02-02,37.43347089561324,0.0,711.7848005878893,0
4,Jackets,2026-02-09,33.78274143080164,0.0,678.0020591570877,0
4,Jackets,2026-02-16,32.83660777022038,140.9090909090909,786.0745422959582,0
4,Jackets,2026-02-23,32.72987366498126,0.0,753.3446686309769,0
4,Jackets,2026-03-02,32.344527515709835,0.0,721.0001411152671,0
4,Jackets,2026-03-09,30.36351294246117,140.9090909090909,831.5457190818968,0
4,Shirts,2025-12-15,6.179753681210706,148.72727272727272,238.547519046062,0
4,Shirts,2025-12-22,10.044062271470132,148.72727272727272,377.23072950186463,0
4,Shirts,2025-12-29,10.541804012672175,148.72727272727272,515.4161982164652,0
4,Shirts,2026-01-05,6.889027651190424,0.0,508.5271705652748,0
4,Shirts,2026-01-12,7.037394891646341,148.72727272727272,650.2170484009011,0
4,Shirts,2026-01-19,8.612250281204451,0.0,641.6047981196967,0
4,Shirts,2026-01-26,9.59619108742396,0.0,632.0086070322727,0
4,Shirts,2026-02-02,9.648474479599816,148.72727272727272,771.0874052799456,0
4,Shirts,2026-02-09,9.793664575213167,0.0,761.2937407047325,0
4,Shirts,2026-02-16,11.370629799086888,148.72727272727272,898.6503836329183,0
4,Shirts,2026-02-23,12.646443466541715,0.0,886.0039401663765,0
4,Shirts,2026-03-02,12.906909491128838,148.72727272727272,1021.8243034025204,0
4,Shirts,2026-03-09,13.378036509403843,0.0,1008.4462668931166,0
4,Trousers,2025-12-15,0.0,0.0,306.0,0
4,Trousers,2025-12-22,0.0,187.96666666666667,493.9666666666667,0
4,Trousers,2025-12-29,0.0746867105120991,0.0,493.8919799561546,0
4,Trousers,2026-01-05,0.4422427095810167,0.0,493.4497372465736,0
4,Trousers,2026-01-12,0.8980786745841549,0.0,492.55165857198944,0
4,Trousers,2026-01-19,1.7329212539405945,0.0,490.8187373180488,0
4,Trousers,2026-01-26,3.054838618681646,0.0,487.7638986993672,0
4,Trousers,2026-02-02,3.962198665627928,187.96666666666667,671.768366700406,0
4,Trousers,2026-02-09,5.182928178397978,187.96666666666667,854.5521051886747,0
4,Trousers,2026-02-16,5.573845002581946,0.0,848.9782601860927,0
4,Trousers,2026-02-23,6.238115215226308,187.96666666666667,1030.706811637533,0
4,Trousers,2026-03-02,5.971737847156741,0.0,1024.7350737903764,0
4,Trousers,2026-03-09,5.922066402839077,0.0,1018.8130073875374,0
5,Accessories,2025-12-15,0.0,138.8125,138.8125,0
5,Accessories,2025-12-22,0.7078986722758716,138.8125,276.91710132772414,0
5,Accessories,2025-12-29,1.2329764369784646,0.0,275.6841248907457,0
5,Accessories,2026-01-05,1.722904332377125,138.8125,412.77372055836855,0
5,Accessories,2026-01-12,2.874547118175271,0.0,409.8991734401933,0
5,Accessories,2026-01-19,4.016346831902814,138.8125,544.6953266082905,0
5,Accessories,2026-01-26,5.351776254402346,0.0,539.3435503538882,0
5,Accessories,2026-02-02,4.97364669940289,138.8125,673.1824036544853,0
5,Accessories,2026-02-09,4.78870318429562,0.0,668.3937004701896,0
5,Accessories,2026-02-16,4.701900629116674,138.8125,802.5042998410729,0
5,Accessories,2026-02-23,5.129575535382626,0.0,797.3747243056903,0
5,Accessories,2026-03-02,4.792258784318319,138.8125,931.394965521372,0
5,Accessories,2026-03-09,4.7006215088696175,0.0,926.6943440125024,0
5,Dresses,2025-12-15,7.128553539016128,0.0,134.87144646098386,0
5,Dresses,2025-12-22,14.715084433457642,172.64705882352942,292.80342085105565,0
5,Dresses,2025-12-29,15.996636217574592,172.64705882352942,449.4538434570105,0
5,Dresses,2026-01-05,16.367087448660186,172.64705882352942,605.7338148318797,0
5,Dresses,2026-01-12,18.60676298012985,0.0,587.1270518517499,0
5,Dresses,2026-01-19,19.9942507362133,0.0,567.1328011155366,0
5,Dresses,2026-01-26,19.947065510800847,0.0,547.1857356047358,0
5,Dresses,2026-02-02,20.842401064445227,172.64705882352942,698.99039336382,0
5,Dresses,2026-02-09,20.44544720736917,172.64705882352942,851.1920049799802,0
5,Dresses,2026-02-16,20.382789993594677,0.0,830.8092149863855,0
5,Dresses,2026-02-23,20.56654247584959,172.64705882352942,982.8897313340653,0
5,Dresses,2026-03-02,20.80589135353096,0.0,962.0838399805344,0
5,Dresses,2026-03-09,20.203731297677145,172.64705882352942,1114.5271675063868,0
5,Jackets,2025-12-15,13.327196232275726,0.0,203.67280376772428,0
5,Jackets,2025-12-22,20.548595267485556,143.43243243243242,326.55664093267114,0
5,Jackets,2025-12-29,20.595114278069097,143.43243243243242,449.39395908703443,0
5,Jackets,2026-01-05,21.668970812154072,0.0,427.7249882748804,0
5,Jackets,2026-01-12,25.434675608932665,0.0,402.29031266594774,0
5,Jackets,2026-01-19,26.417415068731906,0.0,375.87289759721585,0
5,Jackets,2026-01-26,27.11037326279314,143.43243243243242,492.19495676685517,0
5,Jackets,2026-02-02,28.95971926268486,143.43243243243242,606.6676699366027,0
5,Jackets,2026-02-09,28.476926667320512,0.0,578.1907432692822,0
5,Jackets,2026-02-16,28.56218177001324,0.0,549.6285614992689,0
5,Jackets,2026-02-23,28.974922960780454,143.43243243243242,664.0860709709209,0
5,Jackets,2026-03-02,27.67393299081489,143.43243243243242,779.8445704125384,0
5,Jackets,2026-03-09,27.10959894401849,143.43243243243242,896.1674039009523,0
5,Shirts,2025-12-15,7.445828908288149,0.0,6.554171091711851,0
5,Shirts,2025-12-22,12.487700784149014,137.69444444444446,131.7609147520073,0
5,Shirts,2025-12-29,11.04792149671337,137.69444444444446,258.40743769973835,0
5,Shirts,2026-01-05,9.76412139602484,137.69444444444446,386.33776074815796,0
5,Shirts,2026-01-12,11.081449823593108,137.69444444444446,512.9507553690094,0
5,Shirts,2026-01-19,12.706075226904394,137.69444444444446,637.9391245865495,0
5,Shirts,2026-01-26,13.10508477983326,0.0,624.8340398067162,0
5,Shirts,2026-02-02,13.846998107649238,137.69444444444446,748.6814861435114,0
5,Shirts,2026-02-09,14.345818774377513,0.0,734.3356673691338,0
5,Shirts,2026-02-16,14.78587606265117,137.69444444444446,857.2442357509271,0
5,Shirts,2026-02-23,15.296156795948212,0.0,841.9480789549789,0
5,Shirts,2026-03-02,15.416812902316556,0.0,826.5312660526623,0
5,Shirts,2026-03-09,15.67725728970106,0.0,810.8540087629613,0
5,Trousers,2025-12-15,0.0,0.0,388.0,0
5,Trousers,2025-12-22,0.0,154.05555555555554,542.0555555555555,0
5,Trousers,2025-12-29,0.0,154.05555555555554,696.1111111111111,0
5,Trousers,2026-01-05,0.0,0.0,696.1111111111111,0
5,Trousers,2026-01-12,0.2874035799224521,0.0,695.8237075311887,0
5,Trousers,2026-01-19,0.6029239937246056,0.0,695.2207835374641,0
5,Trousers,2026-01-26,1.3158037376554603,0.0,693.9049797998086,0
5,Trousers,2026-02-02,1.7502331354109393,0.0,692.1547466643977,0
5,Trousers,2026-02-09,1.5914903857039513,154.05555555555554,844.6188118342493,0
5,Trousers,2026-02-16,1.516701860584888,154.05555555555554,997.1576655292199,0
5,Trousers,2026-02-23,1.6371589384031078,0.0,995.5205065908168,0
5,Trousers,2026-03-02,1.5281759935895445,0.0,993.9923305972272,0
5,Trousers,2026-03-09,1.6366203656251357,154.05555555555554,1146.4112657871576,0
6,Accessories,2025-12-15,0.0,0.0,196.0,0
6,Accessories,2025-12-22,0.6825119833180808,123.51515151515152,318.8326395318334,0
6,Accessories,2025-12-29,1.1887593893645385,0.0,317.6438801424689,0
6,Accessories,2026-01-05,1.6611174720494042,123.51515151515152,439.497914185571,0
6,Accessories,2026-01-12,2.771460000708281,123.51515151515152,560.2416057000142,0
6,Accessories,2026-01-19,3.872312449919413,0.0,556.3692932500949,0
6,Accessories,2026-01-26,5.159850651963505,123.51515151515152,674.7245941132828,0
6,Accessories,2026-02-02,4.795281593366249,0.0,669.9293125199166,0
6,Accessories,2026-02-09,4.616970529592294,0.0,665.3123419903243,0
6,Accessories,2026-02-16,4.533280890930036,0.0,660.7790610993942,0
6,Accessories,2026-02-23,4.945618503532872,123.51515151515152,779.3485941110129,0
6,Accessories,2026-03-02,4.620398618552508,123.51515151515152,898.2433470076119,0
6,Accessories,2026-03-09,4.532047642541657,123.51515151515152,1017.2264508802217,0
6,Dresses,2025-12-15,15.384157629262146,0.0,186.61584237073785,0
6,Dresses,2025-12-22,31.75667787485798,0.0,154.85916449587987,0
6,Dresses,2025-12-29,34.52239949692472,0.0,120.33676499895515,0
6,Dresses,2026-01-05,35.321871662179944,0.0,85.0148933367752,0
6,Dresses,2026-01-12,40.15532366979247,0.0,44.85956966698273,0
6,Dresses,2026-01-19,43.14966610285848,0.0,1.7099035641242466,0
6,Dresses,2026-01-26,43.04783549423019,148.86111111111111,107.52317918100516,0
6,Dresses,2026-02-02,44.98006244784143,0.0,62.54311673316373,0
6,Dresses,2026-02-09,44.12339486789303,148.86111111111111,167.28083297638182,0
6,Dresses,2026-02-16,43.98817410423579,0.0,123.29265887214603,0
6,Dresses,2026-02-23,44.38473101249294,0.0,78.90792785965309,0
6,Dresses,2026-03-02,44.901270706343006,0.0,34.00665715331008,0
6,Dresses,2026-03-09,43.60174687354888,148.86111111111111,139.2660213908723,0
6,Jackets,2025-12-15,13.327196232275726,203.6,644.2728037677242,0
6,Jackets,2025-12-22,20.548595267485556,203.6,827.3242085002387,0
6,Jackets,2025-12-29,20.595114278069097,203.6,1010.3290942221696,0
6,Jackets,2026-01-05,21.668970812154072,203.6,1192.2601234100155,0
6,Jackets,2026-01-12,25.434675608932665,0.0,1166.8254478010829,0
6,Jackets,2026-01-19,26.417415068731906,0.0,1140.4080327323509,0
6,Jackets,2026-01-26,27.11037326279314,203.6,1316.8976594695575,0
6,Jackets,2026-02-02,28.95971926268486,203.6,1491.5379402068727,0
6,Jackets,2026-02-09,28.476926667320512,203.6,1666.6610135395522,0
6,Jackets,2026-02-16,28.56218177001324,0.0,1638.098831769539,0
6,Jackets,2026-02-23,28.974922960780454,0.0,1609.1239088087584,0
6,Jackets,2026-03-02,27.67393299081489,0.0,1581.4499758179436,0
6,Jackets,2026-03-09,27.10959894401849,203.6,1757.940376873925,0
6,Shirts,2025-12-15,7.848692190495663,0.0,76.15130780950433,0
6,Shirts,2025-12-22,13.163359087219565,0.0,62.98794872228477,0
6,Shirts,2025-12-29,11.645679244112396,123.88888888888889,175.23115836706125,0
6,Shirts,2026-01-05,10.292417982197613,0.0,164.93874038486365,0
6,Shirts,2026-01-12,11.681021651328937,123.88888888888889,277.14660762242363,0
6,Shirts,2026-01-19,13.393548875968287,0.0,263.75305874645534,0
6,Shirts,2026-01-26,13.814147200289169,123.88888888888889,373.82780043505505,0
6,Shirts,2026-02-02,14.596202417213654,0.0,359.2315980178414,0
6,Shirts,2026-02-09,15.122012225581674,0.0,344.10958579225974,0
6,Shirts,2026-02-16,15.58587920995457,0.0,328.5237065823052,0
6,Shirts,2026-02-23,16.123769142119247,0.0,312.3999374401859,0
6,Shirts,2026-03-02,16.25095345584081,123.88888888888889,420.03787287323394,0
6,Shirts,2026-03-09,16.525489421480284,123.88888888888889,527.4012723406425,0
6,Trousers,2025-12-15,0.0,165.625,388.625,0
6,Trousers,2025-12-22,0.0,165.625,554.25,0
6,Trousers,2025-12-29,0.0,0.0,554.25,0
6,Trousers,2026-01-05,0.0,165.625,719.875,0
6,Trousers,2026-01-12,0.2874035799224521,0.0,719.5875964200776,0
6,Trousers,2026-01-19,0.6029239937246056,0.0,718.984672426353,0
6,Trousers,2026-01-26,1.3158037376554603,0.0,717.6688686886976,0
6,Trousers,2026-02-02,1.7502331354109393,165.625,881.5436355532867,0
6,Trousers,2026-02-09,1.5914903857039513,0.0,879.9521451675827,0
6,Trousers,2026-02-16,1.516701860584888,0.0,878.4354433069977,0
6,Trousers,2026-02-23,1.6371589384031078,165.625,1042.4232843685945,0
6,Trousers,2026-03-02,1.5281759935895445,0.0,1040.895108375005,0
6,Trousers,2026-03-09,1.6366203656251357,0.0,1039.25848800938,0
7,Accessories,2025-12-15,0.0,147.97297297297297,528.9729729729729,0
7,Accessories,2025-12-22,0.7031079731619919,0.0,528.2698649998109,0
7,Accessories,2025-12-29,1.224632277912483,147.97297297297297,675.0182056948713,0
7,Accessories,2026-01-05,1.7112445898438011,147.97297297297297,821.2799340780005,0
7,Accessories,2026-01-12,2.855093641468536,147.97297297297297,966.3978134095048,0
7,Accessories,2026-01-19,3.989166233941285,147.97297297297297,1110.3816201485365,0
7,Accessories,2026-01-26,5.315558147540782,147.97297297297297,1253.0390349739687,0
7,Accessories,2026-02-02,4.939987581553472,147.97297297297297,1396.0720203653882,0
7,Accessories,2026-02-09,4.756295670339021,0.0,1391.315724695049,0
7,Accessories,2026-02-16,4.670080550820664,0.0,1386.6456441442285,0
7,Accessories,2026-02-23,5.094861170270272,0.0,1381.5507829739583,0
7,Accessories,2026-03-02,4.759827207864438,147.97297297297297,1524.7639287390668,0
7,Accessories,2026-03-09,4.668810087010573,147.97297297297297,1668.0680916250292,0
7,Dresses,2025-12-15,7.128553539016128,0.0,86.87144646098388,0
7,Dresses,2025-12-22,14.715084433457642,175.03225806451613,247.18862009204236,0
7,Dresses,2025-12-29,15.996636217574592,175.03225806451613,406.2242419389839,0
7,Dresses,2026-01-05,16.367087448660186,0.0,389.8571544903237,0
7,Dresses,2026-01-12,18.60676298012985,175.03225806451613,546.2826495747099,0
7,Dresses,2026-01-19,19.9942507362133,0.0,526.2883988384966,0
7,Dresses,2026-01-26,19.947065510800847,0.0,506.3413333276958,0
7,Dresses,2026-02-02,20.842401064445227,175.03225806451613,660.5311903277667,0
7,Dresses,2026-02-09,20.44544720736917,175.03225806451613,815.1180011849136,0
7,Dresses,2026-02-16,20.382789993594677,0.0,794.735211191319,0
7,Dresses,2026-02-23,20.56654247584959,175.03225806451613,949.2009267799855,0
7,Dresses,2026-03-02,20.80589135353096,175.03225806451613,1103.4272934909707,0
7,Dresses,2026-03-09,20.203731297677145,0.0,1083.2235621932934,0
7,Jackets,2025-12-15,13.327196232275726,167.09375,609.7665537677242,0
7,Jackets,2025-12-22,20.548595267485556,0.0,589.2179585002386,0
7,Jackets,2025-12-29,20.595114278069097,0.0,568.6228442221695,0
7,Jackets,2026-01-05,21.668970812154072,167.09375,714.0476234100155,0
7,Jackets,2026-01-12,25.434675608932665,167.09375,855.7066978010828,0
7,Jackets,2026-01-19,26.417415068731906,167.09375,996.3830327323509,0
7,Jackets,2026-01-26,27.11037326279314,167.09375,1136.3664094695578,0
7,Jackets,2026-02-02,28.95971926268486,167.09375,1274.500440206873,0
7,Jackets,2026-02-09,28.476926667320512,0.0,1246.0235135395526,0
7,Jackets,2026-02-16,28.56218177001324,167.09375,1384.5550817695394,0
7,Jackets,2026-02-23,28.974922960780454,0.0,1355.5801588087588,0
7,Jackets,2026-03-02,27.67393299081489,0.0,1327.906225817944,0
7,Jackets,2026-03-09,27.10959894401849,0.0,1300.7966268739256,0
7,Shirts,2025-12-15,7.848692190495663,0.0,282.1513078095043,0
7,Shirts,2025-12-22,13.163359087219565,153.47368421052633,422.4616329328111,0
7,Shirts,2025-12-29,11.645679244112396,0.0,410.8159536886987,0
7,Shirts,2026-01-05,10.292417982197613,0.0,400.5235357065011,0
7,Shirts,2026-01-12,11.681021651328937,153.47368421052633,542.3161982656985,0
7,Shirts,2026-01-19,13.393548875968287,153.47368421052633,682.3963336002566,0
7,Shirts,2026-01-26,13.814147200289169,0.0,668.5821863999674,0
7,Shirts,2026-02-02,14.596202417213654,153.47368421052633,807.4596681932801,0
7,Shirts,2026-02-09,15.122012225581674,153.47368421052633,945.8113401782248,0
7,Shirts,2026-02-16,15.58587920995457,153.47368421052633,1083.6991451787965,0
7,Shirts,2026-02-23,16.123769142119247,153.47368421052633,1221.0490602472034,0
7,Shirts,2026-03-02,16.25095345584081,0.0,1204.7981067913627,0
7,Shirts,2026-03-09,16.525489421480284,0.0,1188.2726173698825,0
7,Trousers,2025-12-15,0.0,0.0,243.0,0
7,Trousers,2025-12-22,0.0,192.6,435.6,0
7,Trousers,2025-12-29,0.0,192.6,628.2,0
7,Trousers,2026-01-05,0.0,192.6,820.8000000000001,0
7,Trousers,2026-01-12,0.2874035799224521,192.6,1013.1125964200777,0
7,Trousers,2026-01-19,0.6029239937246056,192.6,1205.109672426353,0
7,Trousers,2026-01-26,1.3158037376554603,0.0,1203.7938686886976,0
7,Trousers,2026-02-02,1.7502331354109393,192.6,1394.6436355532865,0
7,Trousers,2026-02-09,1.5914903857039513,0.0,1393.0521451675825,0
7,Trousers,2026-02-16,1.516701860584888,192.6,1584.1354433069976,0
7,Trousers,2026-02-23,1.6371589384031078,192.6,1775.0982843685942,0
7,Trousers,2026-03-02,1.5281759935895445,192.6,1966.1701083750047,0
7,Trousers,2026-03-09,1.6366203656251357,0.0,1964.5334880093797,0
8,Accessories,2025-12-15,7.964937046523964,0.0,262.03506295347603,0
8,Accessories,2025-12-22,10.486513521130984,0.0,251.54854943234506,0
8,Accessories,2025-12-29,10.565432989122831,178.12121212121212,419.10432856443435,0
8,Accessories,2026-01-05,8.666771063860566,178.12121212121212,588.5587696217859,0
8,Accessories,2026-01-12,8.838129388314231,0.0,579.7206402334717,0
8,Accessories,2026-01-19,9.57522762889797,178.12121212121212,748.2666247257858,0
8,Accessories,2026-01-26,9.9440380387893,0.0,738.3225866869966,0
8,Accessories,2026-02-02,9.695184819149924,178.12121212121212,906.7486139890588,0
8,Accessories,2026-02-09,9.323840615845212,178.12121212121212,1075.5459854944256,0
8,Accessories,2026-02-16,9.30701734174264,178.12121212121212,1244.360180273895,0
8,Accessories,2026-02-23,9.87134285996248,178.12121212121212,1412.6100495351448,0
8,Accessories,2026-03-02,9.46063796384145,0.0,1403.1494115713033,0
8,Accessories,2026-03-09,9.07359068951545,178.12121212121212,1572.197033003,0
8,Dresses,2025-12-15,62.56714593227089,134.21621621621622,376.6490702839453,0
8,Dresses,2025-12-22,92.57830140657626,134.21621621621622,418.28698509358526,0
8,Dresses,2025-12-29,92.14911596352806,134.21621621621622,460.35408534627345,0
8,Dresses,2026-01-05,105.8212363637995,0.0,354.532848982474,0
8,Dresses,2026-01-12,117.52515894299056,0.0,237.0076900394834,0
8,Dresses,2026-01-19,130.12263405795144,0.0,106.88505598153196,0
8,Dresses,2026-01-26,131.2531569617438,0.0,0.0,1
8,Dresses,2026-02-02,145.85171304570375,134.21621621621622,0.0,1
8,Dresses,2026-02-09,156.3599139726005,0.0,0.0,1
8,Dresses,2026-02-16,166.10381215302422,134.21621621621622,0.0,1
8,Dresses,2026-02-23,176.48734621144126,134.21621621621622,0.0,1
8,Dresses,2026-03-02,194.2405938769031,0.0,0.0,1
8,Dresses,2026-03-09,196.1701265709402,134.21621621621622,0.0,1
8,Jackets,2025-12-15,20.54574402802963,0.0,186.45425597197038,0
8,Jackets,2025-12-22,27.199773563148824,158.5142857142857,317.7687681231073,0
8,Jackets,2025-12-29,26.735426655464053,0.0,291.03334146764325,0
8,Jackets,2026-01-05,26.11926286382354,0.0,264.9140786038197,0
8,Jackets,2026-01-12,25.308800762473524,0.0,239.60527784134615,0
8,Jackets,2026-01-19,25.119722053416663,0.0,214.48555578792948,0
8,Jackets,2026-01-26,25.582843523572468,0.0,188.902712264357,0
8,Jackets,2026-02-02,26.448788893091464,158.5142857142857,320.9682090855513,0
8,Jackets,2026-02-09,26.555116932904017,0.0,294.41309215264727,0
8,Jackets,2026-02-16,25.193832379741625,158.5142857142857,427.73354548719135,0
8,Jackets,2026-02-23,25.663241769586225,0.0,402.0703037176051,0
8,Jackets,2026-03-02,26.58599908432392,0.0,375.48430463328117,0
8,Jackets,2026-03-09,28.04173503807323,0.0,347.44256959520794,0
8,Shirts,2025-12-15,0.0,192.86666666666667,282.8666666666667,0
8,Shirts,2025-12-22,0.2517106777368319,192.86666666666667,475.48162265559654,0
8,Shirts,2025-12-29,0.7566437168792689,0.0,474.72497893871724,0
8,Shirts,2026-01-05,0.9682050803664356,192.86666666666667,666.6234405250175,0
8,Shirts,2026-01-12,1.532178459993844,192.86666666666667,857.9579287316903,0
8,Shirts,2026-01-19,3.1451599265685104,192.86666666666667,1047.6794354717886,0
8,Shirts,2026-01-26,3.098581840689571,0.0,1044.580853631099,0
8,Shirts,2026-02-02,2.6750829099557283,0.0,1041.9057707211432,0
8,Shirts,2026-02-09,2.8861833448418444,192.86666666666667,1231.8862540429682,0
8,Shirts,2026-02-16,2.944073510490971,192.86666666666667,1421.8088471991437,0
8,Shirts,2026-02-23,3.0449274002021034,192.86666666666667,1611.6305864656083,0
8,Shirts,2026-03-02,3.0862322965331064,0.0,1608.5443541690752,0
8,Shirts,2026-03-09,3.0862322965331064,0.0,1605.458121872542,0
8,Trousers,2025-12-15,18.21743886266384,143.25714285714287,274.03970399447905,0
8,Trousers,2025-12-22,19.63445707979341,143.25714285714287,397.66238977182854,0
8,Trousers,2025-12-29,23.24283788698696,143.25714285714287,517.6766947419844,0
8,Trousers,2026-01-05,22.87475920963544,0.0,494.801935532349,0
8,Trousers,2026-01-12,23.54777627457389,0.0,471.2541592577751,0
8,Trousers,2026-01-19,25.869632232507392,143.25714285714287,588.6416698824105,0
8,Trousers,2026-01-26,26.88423675996996,143.25714285714287,705.0145759795834,0
8,Trousers,2026-02-02,28.414741386226268,143.25714285714287,819.8569774504999,0
8,Trousers,2026-02-09,29.083252597289395,0.0,790.7737248532105,0
8,Trousers,2026-02-16,29.41871870754028,143.25714285714287,904.6121490028131,0
8,Trousers,2026-02-23,29.211886277329818,0.0,875.4002627254833,0
8,Trousers,2026-03-02,29.99689260271452,0.0,845.4033701227688,0
8,Trousers,2026-03-09,29.02597229551732,143.25714285714287,959.6345406843943,0
9,Accessories,2025-12-15,0.0,131.02857142857144,521.0285714285715,0
9,Accessories,2025-12-22,0.6825119833180808,131.02857142857144,651.3746308738248,0
9,Accessories,2025-12-29,1.1887593893645385,0.0,650.1858714844602,0
9,Accessories,2026-01-05,1.6611174720494042,0.0,648.5247540124108,0
9,Accessories,2026-01-12,2.771460000708281,0.0,645.7532940117025,0
9,Accessories,2026-01-19,3.872312449919413,0.0,641.8809815617831,0
9,Accessories,2026-01-26,5.159850651963505,131.02857142857144,767.749702338391,0
9,Accessories,2026-02-02,4.795281593366249,0.0,762.9544207450248,0
9,Accessories,2026-02-09,4.616970529592294,0.0,758.3374502154325,0
9,Accessories,2026-02-16,4.533280890930036,131.02857142857144,884.8327407530738,0
9,Accessories,2026-02-23,4.945618503532872,0.0,879.887122249541,0
9,Accessories,2026-03-02,4.620398618552508,0.0,875.2667236309885,0
9,Accessories,2026-03-09,4.532047642541657,0.0,870.7346759884468,0
9,Dresses,2025-12-15,15.605504256627054,0.0,69.39449574337294,0
9,Dresses,2025-12-22,32.2135916502696,0.0,37.180904093103344,0
9,Dresses,2025-12-29,35.01910636130666,0.0,2.161797731796682,0
9,Dresses,2026-01-05,35.83008129920085,124.82352941176471,91.15524584436054,0
9,Dresses,2026-01-12,40.73307681554472,124.82352941176471,175.24569844058053,0
9,Dresses,2026-01-19,43.77050172440871,0.0,131.4751967161718,0
9,Dresses,2026-01-26,43.6672059811708,124.82352941176471,212.6315201467657,0
9,Dresses,2026-02-02,45.62723373673639,124.82352941176471,291.827815821794,0
9,Dresses,2026-02-09,44.75824045887431,124.82352941176471,371.8931047746844,0
9,Dresses,2026-02-16,44.621074144429926,124.82352941176471,452.09556004201914,0
9,Dresses,2026-02-23,45.02333669717645,0.0,407.0722233448427,0
9,Dresses,2026-03-02,45.54730834290124,0.0,361.52491500194145,0
9,Dresses,2026-03-09,44.22908701463799,124.82352941176471,442.1193573990682,0
9,Jackets,2025-12-15,13.327196232275726,128.60526315789474,332.278066925619,0
9,Jackets,2025-12-22,20.548595267485556,128.60526315789474,440.3347348160282,0
9,Jackets,2025-12-29,20.595114278069097,0.0,419.73962053795907,0
9,Jackets,2026-01-05,21.668970812154072,0.0,398.07064972580497,0
9,Jackets,2026-01-12,25.434675608932665,128.60526315789474,501.24123727476706,0
9,Jackets,2026-01-19,26.417415068731906,0.0,474.8238222060352,0
9,Jackets,2026-01-26,27.11037326279314,0.0,447.71344894324204,0
9,Jackets,2026-02-02,28.95971926268486,0.0,418.75372968055717,0
9,Jackets,2026-02-09,28.476926667320512,0.0,390.27680301323664,0
9,Jackets,2026-02-16,28.56218177001324,128.60526315789474,490.31988440111814,0
9,Jackets,2026-02-23,28.974922960780454,0.0,461.34496144033767,0
9,Jackets,2026-03-02,27.67393299081489,128.60526315789474,562.2762916074175,0
9,Jackets,2026-03-09,27.10959894401849,0.0,535.1666926633991,0
9,Shirts,2025-12-15,7.646417712984057,0.0,280.35358228701597,0
9,Shirts,2025-12-22,12.82411638065894,0.0,267.529465906357,0
9,Shirts,2025-12-29,11.345549792326391,0.0,256.18391611403064,0
9,Shirts,2026-01-05,10.027164431777948,201.65625,447.81300168225266,0
9,Shirts,2026-01-12,11.37998136410943,0.0,436.43302031814324,0
9,Shirts,2026-01-19,13.048373777345706,0.0,423.3846465407975,0
9,Shirts,2026-01-26,13.458132549773175,0.0,409.92651399102436,0
9,Shirts,2026-02-02,14.22003284068589,201.65625,597.3627311503385,0
9,Shirts,2026-02-09,14.7322916138398,201.65625,784.2866895364987,0
9,Shirts,2026-02-16,15.184203937535273,201.65625,970.7587355989634,0
9,Shirts,2026-02-23,15.708231508640726,0.0,955.0505040903226,0
9,Shirts,2026-03-02,15.83213806092366,0.0,939.218366029399,0
9,Shirts,2026-03-09,16.099598756230183,201.65625,1124.775017273169,0
9,Trousers,2025-12-15,0.0,0.0,199.0,0
9,Trousers,2025-12-22,0.0,0.0,199.0,0
9,Trousers,2025-12-29,0.0,0.0,199.0,0
9,Trousers,2026-01-05,0.0,0.0,199.0,0
9,Trousers,2026-01-12,0.2874035799224521,0.0,198.71259642007755,0
9,Trousers,2026-01-19,0.6029239937246056,0.0,198.10967242635294,0
9,Trousers,2026-01-26,1.3158037376554603,149.0,345.79386868869744,0
9,Trousers,2026-02-02,1.7502331354109393,0.0,344.0436355532865,0
9,Trousers,2026-02-09,1.5914903857039513,0.0,342.45214516758256,0
9,Trousers,2026-02-16,1.516701860584888,0.0,340.9354433069977,0
9,Trousers,2026-02-23,1.6371589384031078,0.0,339.2982843685946,0
9,Trousers,2026-03-02,1.5281759935895445,0.0,337.770108375005,0
9,Trousers,2026-03-09,1.6366203656251357,149.0,485.13348800937985,0
10,Accessories,2025-12-15,0.0,126.58333333333333,159.58333333333331,0
10,Accessories,2025-12-22,0.0,126.58333333333333,286.16666666666663,0
10,Accessories,2025-12-29,0.5808419110178108,126.58333333333333,412.16915808898216,0
10,Accessories,2026-01-05,0.9852315012580586,0.0,411.1839265877241,0
10,Accessories,2026-01-12,1.0696556764521912,0.0,410.1142709112719,0
10,Accessories,2026-01-19,1.0194026278599024,126.58333333333333,535.6782016167454,0
10,Accessories,2026-01-26,1.1788881665307334,126.58333333333333,661.082646783548,0
10,Accessories,2026-02-02,1.453878655273515,0.0,659.6287681282744,0
10,Accessories,2026-02-09,1.341095581413895,126.58333333333333,784.8710058801938,0
10,Accessories,2026-02-16,1.4301874714941305,0.0,783.4408184086997,0
10,Accessories,2026-02-23,1.3636552376827331,0.0,782.077163171017,0
10,Accessories,2026-03-02,1.4804381615517086,0.0,780.5967250094653,0
10,Accessories,2026-03-09,1.374923332338717,126.58333333333333,905.8051350104599,0
10,Dresses,2025-12-15,14.541418482677914,161.09375,270.5523315173221,0
10,Dresses,2025-12-22,27.23629480069872,0.0,243.3160367166234,0
10,Dresses,2025-12-29,28.810787311014483,0.0,214.5052494056089,0
10,Dresses,2026-01-05,29.34726436284359,161.09375,346.2517350427653,0
10,Dresses,2026-01-12,30.18506770751812,0.0,316.0666673352472,0
10,Dresses,2026-01-19,30.49333918512092,161.09375,446.66707815012626,0
10,Dresses,2026-01-26,30.59820020833429,0.0,416.068877941792,0
10,Dresses,2026-02-02,30.76564586204543,161.09375,546.3969820797465,0
10,Dresses,2026-02-09,30.67151054820772,0.0,515.7254715315388,0
10,Dresses,2026-02-16,30.68390448029946,161.09375,646.1353170512393,0
10,Dresses,2026-02-23,30.83651250712649,161.09375,776.3925545441128,0
10,Dresses,2026-03-02,30.601502546225465,161.09375,906.8848019978874,0
10,Dresses,2026-03-09,30.42626329429929,161.09375,1037.5522887035881,0
10,Jackets,2025-12-15,5.449874417461633,0.0,251.55012558253836,0
10,Jackets,2025-12-22,10.015003530964396,0.0,241.53512205157395,0
10,Jackets,2025-12-29,10.82237094802741,132.14705882352942,362.85980992707596,0
10,Jackets,2026-01-05,13.65704692939275,132.14705882352942,481.3498218212126,0
10,Jackets,2026-01-12,12.548589226033098,0.0,468.8012325951795,0
10,Jackets,2026-01-19,12.068774950210118,0.0,456.7324576449694,0
10,Jackets,2026-01-26,12.485081212592402,0.0,444.247376432377,0
10,Jackets,2026-02-02,12.172152579421828,132.14705882352942,564.2222826764846,0
10,Jackets,2026-02-09,12.108634299965937,132.14705882352942,684.260707200048,0
10,Jackets,2026-02-16,12.14645149629083,0.0,672.1142557037572,0
10,Jackets,2026-02-23,12.168957726713206,132.14705882352942,792.0923568005734,0
10,Jackets,2026-03-02,12.118828685803054,0.0,779.9735281147704,0
10,Jackets,2026-03-09,12.089464003393996,132.14705882352942,900.0311229349057,0
10,Shirts,2025-12-15,11.436799960026976,0.0,386.563200039973,0
10,Shirts,2025-12-22,15.921591513561811,149.69444444444446,520.3360529708557,0
10,Shirts,2025-12-29,16.506406632501157,0.0,503.8296463383545,0
10,Shirts,2026-01-05,16.158187796838035,149.69444444444446,637.3659029859609,0
10,Shirts,2026-01-12,16.583024778421013,0.0,620.78287820754,0
10,Shirts,2026-01-19,16.83680704208529,149.69444444444446,753.6405156098991,0
10,Shirts,2026-01-26,17.56911533211262,0.0,736.0714002777866,0
10,Shirts,2026-02-02,17.564286687232812,0.0,718.5071135905538,0
10,Shirts,2026-02-09,17.56623458169015,0.0,700.9408790088636,0
10,Shirts,2026-02-16,17.59598163615966,0.0,683.3448973727039,0
10,Shirts,2026-02-23,17.607434593936418,0.0,665.7374627787675,0
10,Shirts,2026-03-02,17.554027528376082,0.0,648.1834352503914,0
10,Shirts,2026-03-09,17.677188669526632,149.69444444444446,780.2006910253092,0
10,Trousers,2025-12-15,6.224922729460233,0.0,228.77507727053975,0
10,Trousers,2025-12-22,11.16126994866401,169.13888888888889,386.7526962107646,0
10,Trousers,2025-12-29,11.447057759236312,169.13888888888889,544.4445273404172,0
10,Trousers,2026-01-05,10.950240584573178,169.13888888888889,702.6331756447329,0
10,Trousers,2026-01-12,11.980655411118423,169.13888888888889,859.7914091225034,0
10,Trousers,2026-01-19,12.332718910105818,0.0,847.4586902123976,0
10,Trousers,2026-01-26,12.390694178118704,0.0,835.067996034279,0
10,Trousers,2026-02-02,12.416158016706742,0.0,822.6518380175722,0
10,Trousers,2026-02-09,12.4566568748117,0.0,810.1951811427605,0
10,Trousers,2026-02-16,12.498691395767862,169.13888888888889,966.8353786358815,0
10,Trousers,2026-02-23,12.545678835356988,169.13888888888889,1123.4285886894133,0
10,Trousers,2026-03-02,12.498691395767862,169.13888888888889,1280.0687861825345,0
10,Trousers,2026-03-09,12.56177598555488,169.13888888888889,1436.6458990858685,0
11,Accessories,2025-12-15,0.0,139.57142857142858,352.57142857142856,0
11,Accessories,2025-12-22,0.0,139.57142857142858,492.1428571428571,0
11,Accessories,2025-12-29,0.5808419110178108,0.0,491.5620152318393,0
11,Accessories,2026-01-05,0.9852315012580586,0.0,490.57678373058127,0
11,Accessories,2026-01-12,1.0696556764521912,0.0,489.50712805412905,0
11,Accessories,2026-01-19,1.0194026278599024,0.0,488.48772542626915,0
11,Accessories,2026-01-26,1.1788881665307334,0.0,487.3088372597384,0
11,Accessories,2026-02-02,1.453878655273515,139.57142857142858,625.4263871758935,0
11,Accessories,2026-02-09,1.341095581413895,0.0,624.0852915944796,0
11,Accessories,2026-02-16,1.4301874714941305,0.0,622.6551041229854,0
11,Accessories,2026-02-23,1.3636552376827331,139.57142857142858,760.8628774567313,0
11,Accessories,2026-03-02,1.4804381615517086,139.57142857142858,898.9538678666082,0
11,Accessories,2026-03-09,1.374923332338717,0.0,897.5789445342695,0
11,Dresses,2025-12-15,14.541418482677914,151.08333333333334,531.5419148506554,0
11,Dresses,2025-12-22,27.23629480069872,0.0,504.3056200499567,0
11,Dresses,2025-12-29,28.810787311014483,0.0,475.4948327389422,0
11,Dresses,2026-01-05,29.34726436284359,151.08333333333334,597.2309017094319,0
11,Dresses,2026-01-12,30.18506770751812,151.08333333333334,718.1291673352472,0
11,Dresses,2026-01-19,30.49333918512092,151.08333333333334,838.7191614834596,0
11,Dresses,2026-01-26,30.59820020833429,151.08333333333334,959.2042946084587,0
11,Dresses,2026-02-02,30.76564586204543,151.08333333333334,1079.5219820797465,0
11,Dresses,2026-02-09,30.67151054820772,0.0,1048.850471531539,0
11,Dresses,2026-02-16,30.68390448029946,151.08333333333334,1169.2499003845728,0
11,Dresses,2026-02-23,30.83651250712649,0.0,1138.4133878774462,0
11,Dresses,2026-03-02,30.601502546225465,151.08333333333334,1258.895218664554,0
11,Dresses,2026-03-09,30.42626329429929,0.0,1228.4689553702547,0
11,Jackets,2025-12-15,5.449874417461633,176.94285714285715,266.4929827253955,0
11,Jackets,2025-12-22,10.015003530964396,176.94285714285715,433.4208363372883,0
11,Jackets,2025-12-29,10.82237094802741,0.0,422.59846538926087,0
11,Jackets,2026-01-05,13.65704692939275,0.0,408.9414184598681,0
11,Jackets,2026-01-12,12.548589226033098,176.94285714285715,573.3356863766921,0
11,Jackets,2026-01-19,12.068774950210118,0.0,561.266911426482,0
11,Jackets,2026-01-26,12.485081212592402,176.94285714285715,725.7246873567468,0
11,Jackets,2026-02-02,12.172152579421828,176.94285714285715,890.4953919201822,0
11,Jackets,2026-02-09,12.108634299965937,176.94285714285715,1055.3296147630733,0
11,Jackets,2026-02-16,12.14645149629083,176.94285714285715,1220.1260204096395,0
11,Jackets,2026-02-23,12.168957726713206,0.0,1207.9570626829263,0
11,Jackets,2026-03-02,12.118828685803054,176.94285714285715,1372.7810911399804,0
11,Jackets,2026-03-09,12.089464003393996,176.94285714285715,1537.6344842794435,0
11,Shirts,2025-12-15,7.469777082912689,0.0,102.53022291708731,0
11,Shirts,2025-12-22,10.398952489086,0.0,92.13127042800132,0
11,Shirts,2025-12-29,10.780915851955177,141.14285714285714,222.4932117189033,0
11,Shirts,2026-01-05,10.553481859267874,0.0,211.93972985963543,0
11,Shirts,2026-01-12,10.830957863053362,141.14285714285714,342.2516291394392,0
11,Shirts,2026-01-19,10.996712002654895,0.0,331.25491713678434,0
11,Shirts,2026-01-26,11.47500835317183,0.0,319.77990878361254,0
11,Shirts,2026-02-02,11.471854595040991,0.0,308.30805418857153,0
11,Shirts,2026-02-09,11.473126833554227,141.14285714285714,437.9777844978745,0
11,Shirts,2026-02-16,11.492555683104552,141.14285714285714,567.628085957627,0
11,Shirts,2026-02-23,11.50003601342697,141.14285714285714,697.2709070870571,0
11,Shirts,2026-03-02,11.465153976862322,141.14285714285714,826.9486102530519,0
11,Shirts,2026-03-09,11.545594858305314,141.14285714285714,956.5458725376037,0
11,Trousers,2025-12-15,6.9379485598887705,0.0,267.06205144011125,0
11,Trousers,2025-12-22,12.439723372048643,157.42857142857142,412.05089949663403,0
11,Trousers,2025-12-29,12.75824638268942,157.42857142857142,556.721224542516,0
11,Trousers,2026-01-05,12.20452191874238,0.0,544.5167026237737,0
11,Trousers,2026-01-12,13.352964296682952,157.42857142857142,688.5923097556622,0
11,Trousers,2026-01-19,13.745354459893989,0.0,674.8469552957682,0
11,Trousers,2026-01-26,13.809970430999233,157.42857142857142,818.4655562933405,0
11,Trousers,2026-02-02,13.838350992483957,157.42857142857142,962.055776729428,0
11,Trousers,2026-02-09,13.883488740609998,157.42857142857142,1105.6008594173893,0
11,Trousers,2026-02-16,13.930338052128873,157.42857142857142,1249.0990927938317,0
11,Trousers,2026-02-23,13.98270760802511,0.0,1235.1163851858066,0
11,Trousers,2026-03-02,13.930338052128873,157.42857142857142,1378.614618562249,0
11,Trousers,2026-03-09,14.000648585750865,0.0,1364.613969976498,0
12,Accessories,2025-12-15,7.964937046523964,136.69444444444446,566.7295073979205,0
12,Accessories,2025-12-22,10.486513521130984,136.69444444444446,692.937438321234,0
12,Accessories,2025-12-29,10.565432989122831,0.0,682.3720053321111,0
12,Accessories,2026-01-05,8.666771063860566,136.69444444444446,810.399678712695,0
12,Accessories,2026-01-12,8.838129388314231,0.0,801.5615493243808,0
12,Accessories,2026-01-19,9.57522762889797,0.0,791.9863216954828,0
12,Accessories,2026-01-26,9.9440380387893,0.0,782.0422836566936,0
12,Accessories,2026-02-02,9.695184819149924,0.0,772.3470988375436,0
12,Accessories,2026-02-09,9.323840615845212,136.69444444444446,899.7177026661428,0
12,Accessories,2026-02-16,9.30701734174264,136.69444444444446,1027.1051297688446,0
12,Accessories,2026-02-23,9.87134285996248,136.69444444444446,1153.9282313533265,0
12,Accessories,2026-03-02,9.46063796384145,0.0,1144.467593389485,0
12,Accessories,2026-03-09,9.07359068951545,0.0,1135.3940026999696,0
12,Dresses,2025-12-15,36.98081283181244,165.12121212121212,589.1403992893997,0
12,Dresses,2025-12-22,54.71914669577216,0.0,534.4212525936276,0
12,Dresses,2025-12-29,54.46547320143242,165.12121212121212,645.0769915134074,0
12,Dresses,2026-01-05,62.546489492055024,0.0,582.5305020213524,0
12,Dresses,2026-01-12,69.46418669319662,165.12121212121212,678.1875274493678,0
12,Dresses,2026-01-19,76.91002527889914,0.0,601.2775021704687,0
12,Dresses,2026-01-26,77.57822989786129,0.0,523.6992722726073,0
12,Dresses,2026-02-02,86.20682342105071,165.12121212121212,602.6136609727687,0
12,Dresses,2026-02-09,92.41777976061763,165.12121212121212,675.3170933333631,0
12,Dresses,2026-02-16,98.17698883901404,165.12121212121212,742.2613166155612,0
12,Dresses,2026-02-23,104.31425982725352,165.12121212121212,803.0682689095198,0
12,Dresses,2026-03-02,114.80745908208208,165.12121212121212,853.3820219486498,0
12,Dresses,2026-03-09,115.94792483847588,0.0,737.434097110174,0
12,Jackets,2025-12-15,20.54574402802963,0.0,449.4542559719704,0
12,Jackets,2025-12-22,27.199773563148824,0.0,422.25448240882156,0
12,Jackets,2025-12-29,26.735426655464053,169.43243243243242,564.9514881857899,0
12,Jackets,2026-01-05,26.11926286382354,0.0,538.8322253219663,0
12,Jackets,2026-01-12,25.308800762473524,0.0,513.5234245594928,0
12,Jackets,2026-01-19,25.119722053416663,169.43243243243242,657.8361349385086,0
12,Jackets,2026-01-26,25.582843523572468,0.0,632.2532914149361,0
12,Jackets,2026-02-02,26.448788893091464,0.0,605.8045025218447,0
12,Jackets,2026-02-09,26.555116932904017,169.43243243243242,748.681818021373,0
12,Jackets,2026-02-16,25.193832379741625,169.43243243243242,892.9204180740638,0
12,Jackets,2026-02-23,25.663241769586225,169.43243243243242,1036.68960873691,0
12,Jackets,2026-03-02,26.58599908432392,169.43243243243242,1179.5360420850186,0
12,Jackets,2026-03-09,28.04173503807323,0.0,1151.4943070469453,0
12,Shirts,2025-12-15,0.0,0.0,260.0,0
12,Shirts,2025-12-22,0.219753950262916,0.0,259.78024604973706,0
12,Shirts,2025-12-29,0.6605816138625582,147.64705882352942,406.7667232594039,0
12,Shirts,2026-01-05,0.8452835334129128,147.64705882352942,553.5684985495204,0
12,Shirts,2026-01-12,1.337655883805719,0.0,552.2308426657147,0
12,Shirts,2026-01-19,2.7458561721989194,0.0,549.4849864935157,0
12,Shirts,2026-01-26,2.705191554950207,147.64705882352942,694.4268537620949,0
12,Shirts,2026-02-02,2.335459274231529,0.0,692.0913944878633,0
12,Shirts,2026-02-09,2.519758783833363,0.0,689.57163570403,0
12,Shirts,2026-02-16,2.5702993198851187,147.64705882352942,834.6483952076743,0
12,Shirts,2026-02-23,2.658348984137239,147.64705882352942,979.6371050470665,0
12,Shirts,2026-03-02,2.6944098863426995,0.0,976.9426951607238,0
12,Shirts,2026-03-09,2.6944098863426995,147.64705882352942,1121.8953440979105,0
12,Trousers,2025-12-15,18.21743886266384,149.67567567567568,367.4582368130118,0
12,Trousers,2025-12-22,19.63445707979341,149.67567567567568,497.49945540889405,0
12,Trousers,2025-12-29,23.24283788698696,149.67567567567568,623.9322931975828,0
12,Trousers,2026-01-05,22.87475920963544,0.0,601.0575339879474,0
12,Trousers,2026-01-12,23.54777627457389,0.0,577.5097577133736,0
12,Trousers,2026-01-19,25.869632232507392,149.67567567567568,701.315801156542,0
12,Trousers,2026-01-26,26.88423675996996,0.0,674.431564396572,0
12,Trousers,2026-02-02,28.414741386226268,0.0,646.0168230103457,0
12,Trousers,2026-02-09,29.083252597289395,0.0,616.9335704130563,0
12,Trousers,2026-02-16,29.41871870754028,149.67567567567568,737.1905273811917,0
12,Trousers,2026-02-23,29.211886277329818,149.67567567567568,857.6543167795376,0
12,Trousers,2026-03-02,29.99689260271452,0.0,827.657424176823,0
12,Trousers,2026-03-09,29.02597229551732,0.0,798.6314518813057,0
13,Accessories,2025-12-15,0.0,159.40625,573.40625,0
13,Accessories,2025-12-22,0.0,159.40625,732.8125,0
13,Accessories,2025-12-29,0.0535064614090381,159.40625,892.165243538591,0
13,Accessories,2026-01-05,0.3087468318360871,0.0,891.8564967067549,0
13,Accessories,2026-01-12,0.5580795281006309,0.0,891.2984171786543,0
13,Accessories,2026-01-19,1.2961179668646765,159.40625,1049.4085492117897,0
13,Accessories,2026-01-26,1.9242044609559728,159.40625,1206.8905947508338,0
13,Accessories,2026-02-02,1.5736341515634171,0.0,1205.3169605992703,0
13,Accessories,2026-02-09,1.844766887276652,0.0,1203.4721937119937,0
13,Accessories,2026-02-16,1.674342380481096,159.40625,1361.2041013315127,0
13,Accessories,2026-02-23,1.8582327427306384,0.0,1359.345868588782,0
13,Accessories,2026-03-02,1.743944097370817,0.0,1357.6019244914112,0
13,Accessories,2026-03-09,1.743944097370817,159.40625,1515.2642303940404,0
13,Dresses,2025-12-15,9.25013516937836,0.0,225.74986483062165,0
13,Dresses,2025-12-22,20.79483685126891,140.91666666666666,345.87169464601936,0
13,Dresses,2025-12-29,23.134383672095733,0.0,322.7373109739236,0
13,Dresses,2026-01-05,24.939280996290822,0.0,297.7980299776328,0
13,Dresses,2026-01-12,27.125967776226013,0.0,270.6720622014068,0
13,Dresses,2026-01-19,29.50793460973732,0.0,241.16412759166946,0
13,Dresses,2026-01-26,32.197108718764355,140.91666666666666,349.88368553957173,0
13,Dresses,2026-02-02,32.21548036602986,0.0,317.6682051735419,0
13,Dresses,2026-02-09,33.12209548366295,0.0,284.5461096898789,0
13,Dresses,2026-02-16,31.49361505803834,140.91666666666666,393.96916129850723,0
13,Dresses,2026-02-23,31.896890719746438,0.0,362.0722705787608,0
13,Dresses,2026-03-02,31.543680379442677,0.0,330.52859019931816,0
13,Dresses,2026-03-09,31.18683020372057,140.91666666666666,440.25842666226424,0
13,Jackets,2025-12-15,15.333550140652116,0.0,160.6664498593479,0
13,Jackets,2025-12-22,26.40262097041185,0.0,134.26382888893605,0
13,Jackets,2025-12-29,33.09529173207601,139.74285714285713,240.9113942997172,0
13,Jackets,2026-01-05,35.679040944196935,0.0,205.23235335552025,0
13,Jackets,2026-01-12,38.64921641270272,139.74285714285713,306.32599408567467,0
13,Jackets,2026-01-19,40.68435148754247,139.74285714285713,405.3844997409893,0
13,Jackets,2026-01-26,39.03687699348493,139.74285714285713,506.0904798903615,0
13,Jackets,2026-02-02,36.89263604048943,0.0,469.1978438498721,0
13,Jackets,2026-02-09,33.29465193147728,0.0,435.9031919183948,0
13,Jackets,2026-02-16,32.36218791063302,139.74285714285713,543.2838611506189,0
13,Jackets,2026-02-23,32.256995888534,139.74285714285713,650.7697224049421,0
13,Jackets,2026-03-02,31.87721717994674,0.0,618.8925052249954,0
13,Jackets,2026-03-09,29.92482409714733,139.74285714285713,728.7105382707052,0
13,Shirts,2025-12-15,6.179753681210706,0.0,156.8202463187893,0
13,Shirts,2025-12-22,10.044062271470132,0.0,146.77618404731916,0
13,Shirts,2025-12-29,10.541804012672175,0.0,136.234380034647,0
13,Shirts,2026-01-05,6.889027651190424,0.0,129.34535238345657,0
13,Shirts,2026-01-12,7.037394891646341,149.48648648648648,271.7944439782967,0
13,Shirts,2026-01-19,8.612250281204451,0.0,263.18219369709226,0
13,Shirts,2026-01-26,9.59619108742396,0.0,253.5860026096683,0
13,Shirts,2026-02-02,9.648474479599816,0.0,243.93752813006847,0
13,Shirts,2026-02-09,9.793664575213167,149.48648648648648,383.6303500413418,0
13,Shirts,2026-02-16,11.370629799086888,0.0,372.2597202422549,0
13,Shirts,2026-02-23,12.646443466541715,149.48648648648648,509.09976326219964,0
13,Shirts,2026-03-02,12.906909491128838,149.48648648648648,645.6793402575573,0
13,Shirts,2026-03-09,13.378036509403843,149.48648648648648,781.7877902346399,0
13,Trousers,2025-12-15,0.0,0.0,381.0,0
13,Trousers,2025-12-22,0.0,0.0,381.0,0
13,Trousers,2025-12-29,0.0746867105120991,0.0,380.9253132894879,0
13,Trousers,2026-01-05,0.4422427095810167,0.0,380.4830705799069,0
13,Trousers,2026-01-12,0.8980786745841549,150.58823529411765,530.1732271994404,0
13,Trousers,2026-01-19,1.7329212539405945,0.0,528.4403059454997,0
13,Trousers,2026-01-26,3.054838618681646,150.58823529411765,675.9737026209358,0
13,Trousers,2026-02-02,3.962198665627928,0.0,672.0115039553078,0
13,Trousers,2026-02-09,5.182928178397978,0.0,666.8285757769098,0
13,Trousers,2026-02-16,5.573845002581946,0.0,661.2547307743279,0
13,Trousers,2026-02-23,6.238115215226308,0.0,655.0166155591015,0
13,Trousers,2026-03-02,5.971737847156741,150.58823529411765,799.6331130060624,0
13,Trousers,2026-03-09,5.922066402839077,150.58823529411765,944.2992818973411,0
14,Accessories,2025-12-15,0.0,0.0,292.0,0
14,Accessories,2025-12-22,0.0,164.125,456.125,0
14,Accessories,2025-12-29,0.5808419110178108,164.125,619.6691580889822,0
14,Accessories,2026-01-05,0.9852315012580586,164.125,782.808926587724,0
14,Accessories,2026-01-12,1.0696556764521912,0.0,781.7392709112719,0
14,Accessories,2026-01-19,1.0194026278599024,164.125,944.844868283412,0
14,Accessories,2026-01-26,1.1788881665307334,164.125,1107.7909801168812,0
14,Accessories,2026-02-02,1.453878655273515,0.0,1106.3371014616077,0
14,Accessories,2026-02-09,1.341095581413895,0.0,1104.996005880194,0
14,Accessories,2026-02-16,1.4301874714941305,164.125,1267.6908184087,0
14,Accessories,2026-02-23,1.3636552376827331,164.125,1430.4521631710172,0
14,Accessories,2026-03-02,1.4804381615517086,164.125,1593.0967250094654,0
14,Accessories,2026-03-09,1.374923332338717,164.125,1755.8468016771267,0
14,Dresses,2025-12-15,14.541418482677914,150.0,217.4585815173221,0
14,Dresses,2025-12-22,27.23629480069872,0.0,190.2222867166234,0
14,Dresses,2025-12-29,28.810787311014483,0.0,161.4114994056089,0
14,Dresses,2026-01-05,29.34726436284359,0.0,132.06423504276532,0
14,Dresses,2026-01-12,30.18506770751812,150.0,251.8791673352472,0
14,Dresses,2026-01-19,30.49333918512092,0.0,221.38582815012626,0
14,Dresses,2026-01-26,30.59820020833429,150.0,340.787627941792,0
14,Dresses,2026-02-02,30.76564586204543,0.0,310.0219820797465,0
14,Dresses,2026-02-09,30.67151054820772,0.0,279.3504715315388,0
14,Dresses,2026-02-16,30.68390448029946,150.0,398.6665670512393,0
14,Dresses,2026-02-23,30.83651250712649,0.0,367.83005454411284,0
14,Dresses,2026-03-02,30.601502546225465,150.0,487.2285519978874,0
14,Dresses,2026-03-09,30.42626329429929,0.0,456.8022887035881,0
14,Jackets,2025-12-15,5.449874417461633,156.88571428571427,464.43583986825263,0
14,Jackets,2025-12-22,10.015003530964396,156.88571428571427,611.3065506230025,0
14,Jackets,2025-12-29,10.82237094802741,0.0,600.4841796749752,0
14,Jackets,2026-01-05,13.65704692939275,156.88571428571427,743.7128470312966,0
14,Jackets,2026-01-12,12.548589226033098,0.0,731.1642578052636,0
14,Jackets,2026-01-19,12.068774950210118,156.88571428571427,875.9811971407677,0
14,Jackets,2026-01-26,12.485081212592402,0.0,863.4961159281753,0
14,Jackets,2026-02-02,12.172152579421828,0.0,851.3239633487535,0
14,Jackets,2026-02-09,12.108634299965937,0.0,839.2153290487876,0
14,Jackets,2026-02-16,12.14645149629083,156.88571428571427,983.954591838211,0
14,Jackets,2026-02-23,12.168957726713206,156.88571428571427,1128.6713483972121,0
14,Jackets,2026-03-02,12.118828685803054,156.88571428571427,1273.4382339971235,0
14,Jackets,2026-03-09,12.089464003393996,156.88571428571427,1418.234484279444,0
14,Shirts,2025-12-15,7.469777082912689,0.0,199.53022291708731,0
14,Shirts,2025-12-22,10.398952489086,0.0,189.1312704280013,0
14,Shirts,2025-12-29,10.780915851955177,0.0,178.35035457604613,0
14,Shirts,2026-01-05,10.553481859267874,0.0,167.79687271677827,0
14,Shirts,2026-01-12,10.830957863053362,0.0,156.9659148537249,0
14,Shirts,2026-01-19,10.996712002654895,0.0,145.96920285107,0
14,Shirts,2026-01-26,11.47500835317183,142.74285714285713,277.23705164075534,0
14,Shirts,2026-02-02,11.471854595040991,0.0,265.76519704571433,0
14,Shirts,2026-02-09,11.473126833554227,0.0,254.2920702121601,0
14,Shirts,2026-02-16,11.492555683104552,0.0,242.79951452905556,0
14,Shirts,2026-02-23,11.50003601342697,142.74285714285713,374.04233565848574,0
14,Shirts,2026-03-02,11.465153976862322,142.74285714285713,505.32003882448055,0
14,Shirts,2026-03-09,11.545594858305314,142.74285714285713,636.5173011090324,0
14,Trousers,2025-12-15,6.224922729460233,0.0,192.77507727053975,0
14,Trousers,2025-12-22,11.16126994866401,0.0,181.61380732187575,0
14,Trousers,2025-12-29,11.447057759236312,115.54054054054055,285.70729010317996,0
14,Trousers,2026-01-05,10.950240584573178,0.0,274.7570495186068,0
14,Trousers,2026-01-12,11.980655411118423,115.54054054054055,378.3169346480289,0
14,Trousers,2026-01-19,12.332718910105818,115.54054054054055,481.52475627846366,0
14,Trousers,2026-01-26,12.390694178118704,115.54054054054055,584.6746026408855,0
14,Trousers,2026-02-02,12.416158016706742,0.0,572.2584446241788,0
14,Trousers,2026-02-09,12.4566568748117,0.0,559.8017877493671,0
14,Trousers,2026-02-16,12.498691395767862,115.54054054054055,662.8436368941398,0
14,Trousers,2026-02-23,12.545678835356988,0.0,650.2979580587828,0
14,Trousers,2026-03-02,12.498691395767862,115.54054054054055,753.3398072035554,0
14,Trousers,2026-03-09,12.56177598555488,0.0,740.7780312180006,0
15,Accessories,2025-12-15,0.0,0.0,128.0,0
15,Accessories,2025-12-22,0.0,0.0,128.0,0
15,Accessories,2025-12-29,0.0752780374399064,166.26470588235293,294.18942784491304,0
15,Accessories,2026-01-05,0.4343747456729315,0.0,293.7550530992401,0
15,Accessories,2026-01-12,0.7851599695529151,0.0,292.9698931296872,0
15,Accessories,2026-01-19,1.8235034473741796,166.26470588235293,457.4110955646659,0
15,Accessories,2026-01-26,2.707155951625144,0.0,454.70393961304075,0
15,Accessories,2026-02-02,2.213939914144583,166.26470588235293,618.754705581249,0
15,Accessories,2026-02-09,2.5953955307695598,0.0,616.1593100504795,0
15,Accessories,2026-02-16,2.3556259391092444,166.26470588235293,780.0683899937231,0
15,Accessories,2026-02-23,2.61434059168989,0.0,777.4540494020332,0
15,Accessories,2026-03-02,2.4535483303855465,0.0,775.0005010716477,0
15,Accessories,2026-03-09,2.4535483303855465,166.26470588235293,938.8116586236151,0
15,Dresses,2025-12-15,9.25013516937836,138.82857142857142,217.57843625919307,0
15,Dresses,2025-12-22,20.79483685126891,138.82857142857142,335.6121708364956,0
15,Dresses,2025-12-29,23.134383672095733,138.82857142857142,451.30635859297126,0
15,Dresses,2026-01-05,24.939280996290822,138.82857142857142,565.1956490252519,0
15,Dresses,2026-01-12,27.125967776226013,0.0,538.0696812490258,0
15,Dresses,2026-01-19,29.50793460973732,138.82857142857142,647.3903180678599,0
15,Dresses,2026-01-26,32.197108718764355,138.82857142857142,754.0217807776669,0
15,Dresses,2026-02-02,32.21548036602986,0.0,721.806300411637,0
15,Dresses,2026-02-09,33.12209548366295,138.82857142857142,827.5127763565455,0
15,Dresses,2026-02-16,31.49361505803834,0.0,796.0191612985071,0
15,Dresses,2026-02-23,31.896890719746438,0.0,764.1222705787607,0
15,Dresses,2026-03-02,31.543680379442677,0.0,732.578590199318,0
15,Dresses,2026-03-09,31.18683020372057,0.0,701.3917599955975,0
15,Jackets,2025-12-15,12.130252155203053,0.0,136.86974784479696,0
15,Jackets,2025-12-22,20.886907923576715,179.76470588235293,295.7475458035732,0
15,Jackets,2025-12-29,26.181427665323127,179.76470588235293,449.330824020603,0
15,Jackets,2026-01-05,28.22541155433405,179.76470588235293,600.8701183486219,0
15,Jackets,2026-01-12,30.57509424671029,0.0,570.2950241019116,0
15,Jackets,2026-01-19,32.185073762299126,179.76470588235293,717.8746562219654,0
15,Jackets,2026-01-26,30.88176951449799,0.0,686.9928867074675,0
15,Jackets,2026-02-02,29.185477188013834,0.0,657.8074095194537,0
15,Jackets,2026-02-09,26.33913996718841,0.0,631.4682695522653,0
15,Jackets,2026-02-16,25.60147493888504,0.0,605.8667946133802,0
15,Jackets,2026-02-23,25.518258349049532,179.76470588235293,760.1132421466835,0
15,Jackets,2026-03-02,25.21781836900034,0.0,734.8954237776832,0
15,Jackets,2026-03-09,23.673295399225523,0.0,711.2221283784577,0
15,Shirts,2025-12-15,6.179753681210706,164.7,555.5202463187893,0
15,Shirts,2025-12-22,10.044062271470132,164.7,710.1761840473191,0
15,Shirts,2025-12-29,10.541804012672175,0.0,699.6343800346469,0
15,Shirts,2026-01-05,6.889027651190424,0.0,692.7453523834565,0
15,Shirts,2026-01-12,7.037394891646341,0.0,685.7079574918101,0
15,Shirts,2026-01-19,8.612250281204451,0.0,677.0957072106057,0
15,Shirts,2026-01-26,9.59619108742396,0.0,667.4995161231818,0
15,Shirts,2026-02-02,9.648474479599816,0.0,657.851041643582,0
15,Shirts,2026-02-09,9.793664575213167,164.7,812.7573770683689,0
15,Shirts,2026-02-16,11.370629799086888,164.7,966.0867472692819,0
15,Shirts,2026-02-23,12.646443466541715,164.7,1118.1403038027402,0
15,Shirts,2026-03-02,12.906909491128838,0.0,1105.2333943116114,0
15,Shirts,2026-03-09,13.378036509403843,0.0,1091.8553578022074,0
15,Trousers,2025-12-15,0.0,0.0,375.0,0
15,Trousers,2025-12-22,0.0,147.24324324324326,522.2432432432432,0
15,Trousers,2025-12-29,0.0673095242110016,0.0,522.1759337190322,0
15,Trousers,2026-01-05,0.3985601476297466,0.0,521.7773735714024,0
15,Trousers,2026-01-12,0.8093708756996827,0.0,520.9680026957028,0
15,Trousers,2026-01-19,1.561751806956042,0.0,519.4062508887467,0
15,Trousers,2026-01-26,2.753096669474347,147.24324324324326,663.8963974625157,0
15,Trousers,2026-02-02,3.5708321491770234,0.0,660.3255653133386,0
15,Trousers,2026-02-09,4.670983998568876,147.24324324324326,802.897824558013,0
15,Trousers,2026-02-16,5.023287979578136,147.24324324324326,945.117779821678,0
15,Trousers,2026-02-23,5.621944844421441,147.24324324324326,1086.7390782204998,0
15,Trousers,2026-03-02,5.381878923959771,0.0,1081.35719929654,0
15,Trousers,2026-03-09,5.337113780857725,0.0,1076.0200855156825,0
16,Accessories,2025-12-15,0.0,0.0,416.0,0
16,Accessories,2025-12-22,0.0,0.0,416.0,0
16,Accessories,2025-12-29,0.5808419110178108,0.0,415.4191580889822,0
16,Accessories,2026-01-05,0.9852315012580586,0.0,414.43392658772416,0
16,Accessories,2026-01-12,1.0696556764521912,165.09677419354838,578.4610451048203,0
16,Accessories,2026-01-19,1.0194026278599024,165.09677419354838,742.5384166705088,0
16,Accessories,2026-01-26,1.1788881665307334,165.09677419354838,906.4563026975264,0
16,Accessories,2026-02-02,1.453878655273515,165.09677419354838,1070.0991982358012,0
16,Accessories,2026-02-09,1.341095581413895,165.09677419354838,1233.8548768479357,0
16,Accessories,2026-02-16,1.4301874714941305,165.09677419354838,1397.52146356999,0
16,Accessories,2026-02-23,1.3636552376827331,165.09677419354838,1561.2545825258555,0
16,Accessories,2026-03-02,1.4804381615517086,0.0,1559.7741443643038,0
16,Accessories,2026-03-09,1.374923332338717,165.09677419354838,1723.4959952255133,0
16,Dresses,2025-12-15,14.541418482677914,169.17857142857142,156.6371529458935,0
16,Dresses,2025-12-22,27.23629480069872,169.17857142857142,298.5794295737662,0
16,Dresses,2025-12-29,28.810787311014483,0.0,269.7686422627517,0
16,Dresses,2026-01-05,29.34726436284359,169.17857142857142,409.5999493284795,0
16,Dresses,2026-01-12,30.18506770751812,169.17857142857142,548.5934530495329,0
16,Dresses,2026-01-19,30.49333918512092,0.0,518.1001138644119,0
16,Dresses,2026-01-26,30.59820020833429,169.17857142857142,656.680485084649,0
16,Dresses,2026-02-02,30.76564586204543,169.17857142857142,795.0934106511751,0
16,Dresses,2026-02-09,30.67151054820772,169.17857142857142,933.6004715315388,0
16,Dresses,2026-02-16,30.68390448029946,169.17857142857142,1072.0951384798107,0
16,Dresses,2026-02-23,30.83651250712649,169.17857142857142,1210.4371974012554,0
16,Dresses,2026-03-02,30.601502546225465,169.17857142857142,1349.0142662836013,0
16,Dresses,2026-03-09,30.42626329429929,0.0,1318.588002989302,0
16,Jackets,2025-12-15,5.449874417461633,0.0,115.55012558253837,0
16,Jackets,2025-12-22,10.015003530964396,0.0,105.53512205157398,0
16,Jackets,2025-12-29,10.82237094802741,125.3125,220.02525110354657,0
16,Jackets,2026-01-05,13.65704692939275,0.0,206.36820417415382,0
16,Jackets,2026-01-12,12.548589226033098,125.3125,319.1321149481207,0
16,Jackets,2026-01-19,12.068774950210118,125.3125,432.3758399979106,0
16,Jackets,2026-01-26,12.485081212592402,0.0,419.8907587853182,0
16,Jackets,2026-02-02,12.172152579421828,125.3125,533.0311062058963,0
16,Jackets,2026-02-09,12.108634299965937,125.3125,646.2349719059304,0
16,Jackets,2026-02-16,12.14645149629083,0.0,634.0885204096395,0
16,Jackets,2026-02-23,12.168957726713206,0.0,621.9195626829263,0
16,Jackets,2026-03-02,12.118828685803054,125.3125,735.1132339971233,0
16,Jackets,2026-03-09,12.089464003393996,0.0,723.0237699937293,0
16,Shirts,2025-12-15,14.30657999596502,0.0,107.69342000403498,0
16,Shirts,2025-12-22,19.91671826454789,136.25714285714287,224.03384459662996,0
16,Shirts,2025-12-29,20.64827816864678,136.25714285714287,339.64270928512605,0
16,Shirts,2026-01-05,20.212682491015947,136.25714285714287,455.687169651253,0
16,Shirts,2026-01-12,20.74412172957082,136.25714285714287,571.200190778825,0
16,Shirts,2026-01-19,21.061584330067465,136.25714285714287,686.3957493059004,0
16,Shirts,2026-01-26,21.977647142182928,0.0,664.4181021637174,0
16,Shirts,2026-02-02,21.97160686916193,0.0,642.4464952945555,0
16,Shirts,2026-02-09,21.974043539207315,0.0,620.4724517553482,0
16,Shirts,2026-02-16,22.011254875936103,136.25714285714287,734.718339736555,0
16,Shirts,2026-02-23,22.025581668150387,0.0,712.6927580684046,0
16,Shirts,2026-03-02,21.95877342996669,0.0,690.733984638438,0
16,Shirts,2026-03-09,22.11283879129357,0.0,668.6211458471444,0
16,Trousers,2025-12-15,5.348808271969632,167.44117647058823,331.0923681986186,0
16,Trousers,2025-12-22,9.590399049383336,0.0,321.50196914923526,0
16,Trousers,2025-12-29,9.835964218888623,167.44117647058823,479.10718140093485,0
16,Trousers,2026-01-05,9.409070596431532,167.44117647058823,637.1392872750915,0
16,Trousers,2026-01-12,10.294461722927212,167.44117647058823,794.2860020227527,0
16,Trousers,2026-01-19,10.59697473995315,0.0,783.6890272827995,0
16,Trousers,2026-01-26,10.646790393350647,0.0,773.0422368894489,0
16,Trousers,2026-02-02,10.668670374258877,167.44117647058823,929.8147429857781,0
16,Trousers,2026-02-09,10.703469300551076,167.44117647058823,1086.5524501558152,0
16,Trousers,2026-02-16,10.739587755858889,167.44117647058823,1243.2540388705447,0
16,Trousers,2026-02-23,10.779962041046968,167.44117647058823,1399.915253300086,0
16,Trousers,2026-03-02,10.739587755858889,167.44117647058823,1556.6168420148156,0
16,Trousers,2026-03-09,10.793793629626556,167.44117647058823,1713.2642248557772,0
17,Accessories,2025-12-15,0.0,0.0,79.0,0
17,Accessories,2025-12-22,0.0,113.84848484848484,192.84848484848484,0
17,Accessories,2025-12-29,0.0535064614090381,113.84848484848484,306.64346323556066,0
17,Accessories,2026-01-05,0.3087468318360871,113.84848484848484,420.1832012522094,0
17,Accessories,2026-01-12,0.5580795281006309,0.0,419.6251217241088,0
17,Accessories,2026-01-19,1.2961179668646765,0.0,418.3290037572441,0
17,Accessories,2026-01-26,1.9242044609559728,0.0,416.4047992962881,0
17,Accessories,2026-02-02,1.5736341515634171,113.84848484848484,528.6796499932095,0
17,Accessories,2026-02-09,1.844766887276652,0.0,526.8348831059328,0
17,Accessories,2026-02-16,1.674342380481096,113.84848484848484,639.0090255739366,0
17,Accessories,2026-02-23,1.8582327427306384,0.0,637.150792831206,0
17,Accessories,2026-03-02,1.743944097370817,0.0,635.4068487338352,0
17,Accessories,2026-03-09,1.743944097370817,0.0,633.6629046364644,0
17,Dresses,2025-12-15,12.63549858178293,0.0,44.364501418217074,0
17,Dresses,2025-12-22,28.40532886615901,0.0,15.959172552058064,0
17,Dresses,2025-12-29,31.601102765164494,135.91176470588235,120.26983449277591,0
17,Dresses,2026-01-05,34.066556205847945,0.0,86.20327828692797,0
17,Dresses,2026-01-12,37.05352636366148,135.91176470588235,185.06151662914883,0
17,Dresses,2026-01-19,40.30724514674697,0.0,144.75427148240186,0
17,Dresses,2026-01-26,43.980602888941135,135.91176470588235,236.68543329934306,0
17,Dresses,2026-02-02,44.0056981895738,135.91176470588235,328.5914998156516,0
17,Dresses,2026-02-09,45.24411620437193,135.91176470588235,419.25914831716204,0
17,Dresses,2026-02-16,43.01964469864106,135.91176470588235,512.1512683244033,0
17,Dresses,2026-02-23,43.570511140944376,135.91176470588235,604.4925218893412,0
17,Dresses,2026-03-02,43.08803292065269,0.0,561.4044889686885,0
17,Dresses,2026-03-09,42.60058275839212,135.91176470588235,654.7156709161787,0
17,Jackets,2025-12-15,12.130252155203053,161.96875,175.83849784479696,0
17,Jackets,2025-12-22,20.886907923576715,0.0,154.95158992122026,0
17,Jackets,2025-12-29,26.181427665323127,161.96875,290.73891225589716,0
17,Jackets,2026-01-05,28.22541155433405,0.0,262.5135007015631,0
17,Jackets,2026-01-12,30.57509424671029,0.0,231.9384064548528,0
17,Jackets,2026-01-19,32.185073762299126,0.0,199.75333269255367,0
17,Jackets,2026-01-26,30.88176951449799,0.0,168.87156317805568,0
17,Jackets,2026-02-02,29.185477188013834,161.96875,301.6548359900419,0
17,Jackets,2026-02-09,26.33913996718841,0.0,275.31569602285344,0
17,Jackets,2026-02-16,25.60147493888504,161.96875,411.68297108396837,0
17,Jackets,2026-02-23,25.518258349049532,161.96875,548.1334627349188,0
17,Jackets,2026-03-02,25.21781836900034,0.0,522.9156443659184,0
17,Jackets,2026-03-09,23.673295399225523,161.96875,661.2110989666928,0
17,Shirts,2025-12-15,6.179753681210706,0.0,246.8202463187893,0
17,Shirts,2025-12-22,10.044062271470132,0.0,236.77618404731916,0
17,Shirts,2025-12-29,10.541804012672175,0.0,226.234380034647,0
17,Shirts,2026-01-05,6.889027651190424,0.0,219.34535238345657,0
17,Shirts,2026-01-12,7.037394891646341,182.61290322580646,394.92086071761673,0
17,Shirts,2026-01-19,8.612250281204451,182.61290322580646,568.9215136622188,0
17,Shirts,2026-01-26,9.59619108742396,0.0,559.3253225747949,0
17,Shirts,2026-02-02,9.648474479599816,182.61290322580646,732.2897513210015,0
17,Shirts,2026-02-09,9.793664575213167,0.0,722.4960867457884,0
17,Shirts,2026-02-16,11.370629799086888,0.0,711.1254569467014,0
17,Shirts,2026-02-23,12.646443466541715,0.0,698.4790134801597,0
17,Shirts,2026-03-02,12.906909491128838,182.61290322580646,868.1850072148372,0
17,Shirts,2026-03-09,13.378036509403843,182.61290322580646,1037.4198739312399,0
17,Trousers,2025-12-15,0.0,158.42424242424244,583.4242424242425,0
17,Trousers,2025-12-22,0.0,158.42424242424244,741.848484848485,0
17,Trousers,2025-12-29,0.0709957757193699,0.0,741.7774890727657,0
17,Trousers,2026-01-05,0.4203875630304266,158.42424242424244,899.7813439339777,0
17,Trousers,2026-01-12,0.8536966178045378,158.42424242424244,1057.3518897404156,0
17,Trousers,2026-01-19,1.6472821984061674,158.42424242424244,1214.128849966252,0
17,Trousers,2026-01-26,2.903871866142204,0.0,1211.2249781001096,0
17,Trousers,2026-02-02,3.766391181131709,0.0,1207.458586918978,0
17,Trousers,2026-02-09,4.926793588847849,158.42424242424244,1360.9560357543726,0
17,Trousers,2026-02-16,5.298391735082945,158.42424242424244,1514.081886443532,0
17,Trousers,2026-02-23,5.929834447054004,158.42424242424244,1666.5762944207206,0
17,Trousers,2026-03-02,5.676621154481434,158.42424242424244,1819.3239156904817,0
17,Trousers,2026-03-09,5.629404418113553,0.0,1813.6945112723681,0
18,Accessories,2025-12-15,0.0,0.0,313.0,0
18,Accessories,2025-12-22,0.6825119833180808,148.65625,460.9737380166819,0
18,Accessories,2025-12-29,1.1887593893645385,148.65625,608.4412286273174,0
18,Accessories,2026-01-05,1.6611174720494042,0.0,606.780111155268,0
18,Accessories,2026-01-12,2.771460000708281,148.65625,752.6649011545596,0
18,Accessories,2026-01-19,3.872312449919413,0.0,748.7925887046403,0
18,Accessories,2026-01-26,5.159850651963505,148.65625,892.2889880526767,0
18,Accessories,2026-02-02,4.795281593366249,148.65625,1036.1499564593105,0
18,Accessories,2026-02-09,4.616970529592294,148.65625,1180.1892359297183,0
18,Accessories,2026-02-16,4.533280890930036,0.0,1175.6559550387883,0
18,Accessories,2026-02-23,4.945618503532872,0.0,1170.7103365352555,0
18,Accessories,2026-03-02,4.620398618552508,148.65625,1314.7461879167029,0
18,Accessories,2026-03-09,4.532047642541657,148.65625,1458.8703902741613,0
18,Dresses,2025-12-15,14.454501167626038,139.34375,314.88924883237394,0
18,Dresses,2025-12-22,29.83763872445933,139.34375,424.3953601079146,0
18,Dresses,2025-12-29,32.43622926018369,139.34375,531.3028808477309,0
18,Dresses,2026-01-05,33.18738974778722,139.34375,637.4592410999437,0
18,Dresses,2026-01-12,37.728758821828,0.0,599.7304822781157,0
18,Dresses,2026-01-19,40.54215473456221,139.34375,698.5320775435534,0
18,Dresses,2026-01-26,40.44647769544256,139.34375,797.4293498481109,0
18,Dresses,2026-02-02,42.261941202132576,0.0,755.1674086459783,0
18,Dresses,2026-02-09,41.45704158831956,139.34375,853.0541170576587,0
18,Dresses,2026-02-16,41.32999214347683,0.0,811.7241249141819,0
18,Dresses,2026-02-23,41.702585328724126,139.34375,909.3652895854577,0
18,Dresses,2026-03-02,42.18791080365811,0.0,867.1773787817996,0
18,Dresses,2026-03-09,40.96691650477289,0.0,826.2104622770266,0
18,Jackets,2025-12-15,13.327196232275726,0.0,408.67280376772425,0
18,Jackets,2025-12-22,20.548595267485556,0.0,388.1242085002387,0
18,Jackets,2025-12-29,20.595114278069097,151.94285714285715,519.4719513650267,0
18,Jackets,2026-01-05,21.668970812154072,0.0,497.80298055287267,0
18,Jackets,2026-01-12,25.434675608932665,151.94285714285715,624.3111620867971,0
18,Jackets,2026-01-19,26.417415068731906,151.94285714285715,749.8366041609224,0
18,Jackets,2026-01-26,27.11037326279314,151.94285714285715,874.6690880409865,0
18,Jackets,2026-02-02,28.95971926268486,0.0,845.7093687783016,0
18,Jackets,2026-02-09,28.476926667320512,151.94285714285715,969.1752992538383,0
18,Jackets,2026-02-16,28.56218177001324,0.0,940.613117483825,0
18,Jackets,2026-02-23,28.974922960780454,0.0,911.6381945230446,0
18,Jackets,2026-03-02,27.67393299081489,0.0,883.9642615322297,0
18,Jackets,2026-03-09,27.10959894401849,0.0,856.8546625882112,0
18,Shirts,2025-12-15,7.378965978556775,152.27027027027026,286.8913042917135,0
18,Shirts,2025-12-22,12.375562260645264,152.27027027027026,426.7860123013385,0
18,Shirts,2025-12-29,10.948712072509409,152.27027027027026,568.1075704990993,0
18,Shirts,2026-01-05,9.67644039088325,152.27027027027026,710.7014003784864,0
18,Shirts,2026-01-12,10.98193931777798,152.27027027027026,851.9897313309787,0
18,Shirts,2026-01-19,12.591975718908396,152.27027027027026,991.6680258823405,0
18,Shirts,2026-01-26,12.987402198947969,152.27027027027026,1130.950893953663,0
18,Shirts,2026-02-02,13.722653206246571,0.0,1117.2282407474163,0
18,Shirts,2026-02-09,14.216994504512474,0.0,1103.0112462429038,0
18,Shirts,2026-02-16,14.653100114617583,152.27027027027026,1240.6284163985565,0
18,Shirts,2026-02-23,15.158798568999282,0.0,1225.4696178295571,0
18,Shirts,2026-03-02,15.278371193479828,152.27027027027026,1362.4615169063475,0
18,Shirts,2026-03-09,15.536476811737735,152.27027027027026,1499.19531036488,0
18,Trousers,2025-12-15,0.0,0.0,313.0,0
18,Trousers,2025-12-22,0.0,154.94285714285715,467.9428571428572,0
18,Trousers,2025-12-29,0.0,154.94285714285715,622.8857142857144,0
18,Trousers,2026-01-05,0.0,0.0,622.8857142857144,0
18,Trousers,2026-01-12,0.2874035799224521,0.0,622.598310705792,0
18,Trousers,2026-01-19,0.6029239937246056,0.0,621.9953867120673,0
18,Trousers,2026-01-26,1.3158037376554603,0.0,620.6795829744119,0
18,Trousers,2026-02-02,1.7502331354109393,0.0,618.929349839001,0
18,Trousers,2026-02-09,1.5914903857039513,154.94285714285715,772.2807165961542,0
18,Trousers,2026-02-16,1.516701860584888,154.94285714285715,925.7068718784265,0
18,Trousers,2026-02-23,1.6371589384031078,154.94285714285715,1079.0125700828805,0
18,Trousers,2026-03-02,1.5281759935895445,154.94285714285715,1232.4272512321481,0
18,Trousers,2026-03-09,1.6366203656251357,0.0,1230.790630866523,0
19,Accessories,2025-12-15,0.0,159.82857142857142,306.8285714285714,0
19,Accessories,2025-12-22,0.0,0.0,306.8285714285714,0
19,Accessories,2025-12-29,0.5808419110178108,0.0,306.24772951755364,0
19,Accessories,2026-01-05,0.9852315012580586,0.0,305.2624980162956,0
19,Accessories,2026-01-12,1.0696556764521912,0.0,304.19284233984337,0
19,Accessories,2026-01-19,1.0194026278599024,0.0,303.17343971198346,0
19,Accessories,2026-01-26,1.1788881665307334,159.82857142857142,461.82312297402416,0
19,Accessories,2026-02-02,1.453878655273515,0.0,460.36924431875065,0
19,Accessories,2026-02-09,1.341095581413895,159.82857142857142,618.8567201659082,0
19,Accessories,2026-02-16,1.4301874714941305,0.0,617.426532694414,0
19,Accessories,2026-02-23,1.3636552376827331,159.82857142857142,775.8914488853028,0
19,Accessories,2026-03-02,1.4804381615517086,0.0,774.4110107237511,0
19,Accessories,2026-03-09,1.374923332338717,0.0,773.0360873914124,0
19,Dresses,2025-12-15,14.541418482677914,147.94285714285715,259.4014386601792,0
19,Dresses,2025-12-22,27.23629480069872,147.94285714285715,380.1080010023377,0
19,Dresses,2025-12-29,28.810787311014483,0.0,351.2972136913232,0
19,Dresses,2026-01-05,29.34726436284359,147.94285714285715,469.8928064713367,0
19,Dresses,2026-01-12,30.18506770751812,0.0,439.7077387638186,0
19,Dresses,2026-01-19,30.49333918512092,0.0,409.2143995786977,0
19,Dresses,2026-01-26,30.59820020833429,147.94285714285715,526.5590565132205,0
19,Dresses,2026-02-02,30.76564586204543,147.94285714285715,643.7362677940323,0
19,Dresses,2026-02-09,30.67151054820772,147.94285714285715,761.0076143886818,0
19,Dresses,2026-02-16,30.68390448029946,0.0,730.3237099083823,0
19,Dresses,2026-02-23,30.83651250712649,147.94285714285715,847.430054544113,0
19,Dresses,2026-03-02,30.601502546225465,0.0,816.8285519978875,0
19,Dresses,2026-03-09,30.42626329429929,147.94285714285715,934.3451458464455,0
19,Jackets,2025-12-15,5.449874417461633,0.0,71.55012558253837,0
19,Jackets,2025-12-22,10.015003530964396,0.0,61.53512205157398,0
19,Jackets,2025-12-29,10.82237094802741,0.0,50.712751103546566,0
19,Jackets,2026-01-05,13.65704692939275,148.02941176470588,185.0851159388597,0
19,Jackets,2026-01-12,12.548589226033098,0.0,172.5365267128266,0
19,Jackets,2026-01-19,12.068774950210118,0.0,160.46775176261647,0
19,Jackets,2026-01-26,12.485081212592402,0.0,147.98267055002407,0
19,Jackets,2026-02-02,12.172152579421828,0.0,135.81051797060223,0
19,Jackets,2026-02-09,12.108634299965937,148.02941176470588,271.7312954353422,0
19,Jackets,2026-02-16,12.14645149629083,148.02941176470588,407.6142557037573,0
19,Jackets,2026-02-23,12.168957726713206,0.0,395.4452979770441,0
19,Jackets,2026-03-02,12.118828685803054,148.02941176470588,531.355881055947,0
19,Jackets,2026-03-09,12.089464003393996,0.0,519.2664170525529,0
19,Shirts,2025-12-15,7.469777082912689,0.0,142.53022291708731,0
19,Shirts,2025-12-22,10.398952489086,135.17142857142858,267.3026989994299,0
19,Shirts,2025-12-29,10.780915851955177,0.0,256.5217831474747,0
19,Shirts,2026-01-05,10.553481859267874,135.17142857142858,381.1397298596354,0
19,Shirts,2026-01-12,10.830957863053362,0.0,370.30877199658204,0
19,Shirts,2026-01-19,10.996712002654895,0.0,359.31205999392716,0
19,Shirts,2026-01-26,11.47500835317183,0.0,347.83705164075536,0
19,Shirts,2026-02-02,11.471854595040991,135.17142857142858,471.53662561714293,0
19,Shirts,2026-02-09,11.473126833554227,135.17142857142858,595.2349273550174,0
19,Shirts,2026-02-16,11.492555683104552,0.0,583.7423716719128,0
19,Shirts,2026-02-23,11.50003601342697,0.0,572.2423356584858,0
19,Shirts,2026-03-02,11.465153976862322,0.0,560.7771816816235,0
19,Shirts,2026-03-09,11.545594858305314,135.17142857142858,684.4030153947467,0
19,Trousers,2025-12-15,10.22974003568233,132.14285714285714,245.9131171071748,0
19,Trousers,2025-12-22,18.3418967600272,132.14285714285714,359.71407749000474,0
19,Trousers,2025-12-29,18.811546767678777,0.0,340.902530722326,0
19,Trousers,2026-01-05,17.995101204746184,132.14285714285714,455.050286660437,0
19,Trousers,2026-01-12,19.688435606245584,132.14285714285714,567.5047081970486,0
19,Trousers,2026-01-19,20.266999907718617,0.0,547.2377082893299,0
19,Trousers,2026-01-26,20.362273687980025,132.14285714285714,659.018291744207,0
19,Trousers,2026-02-02,20.404119741399036,0.0,638.6141720028079,0
19,Trousers,2026-02-09,20.47067362618784,0.0,618.1434983766201,0
19,Trousers,2026-02-16,20.53975114579638,0.0,597.6037472308237,0
19,Trousers,2026-02-23,20.6169680547974,132.14285714285714,709.1296363188834,0
19,Trousers,2026-03-02,20.53975114579638,132.14285714285714,820.7327423159442,0
19,Trousers,2026-03-09,20.643421340885663,0.0,800.0893209750585,0
20,Accessories,2025-12-15,7.964937046523964,0.0,427.03506295347603,0
20,Accessories,2025-12-22,10.486513521130984,0.0,416.54854943234506,0
20,Accessories,2025-12-29,10.565432989122831,146.02777777777777,552.010894221,0
20,Accessories,2026-01-05,8.666771063860566,0.0,543.3441231571394,0
20,Accessories,2026-01-12,8.838129388314231,0.0,534.5059937688252,0
20,Accessories,2026-01-19,9.57522762889797,0.0,524.9307661399272,0
20,Accessories,2026-01-26,9.9440380387893,0.0,514.9867281011379,0
20,Accessories,2026-02-02,9.695184819149924,0.0,505.291543281988,0
20,Accessories,2026-02-09,9.323840615845212,0.0,495.9677026661428,0
20,Accessories,2026-02-16,9.30701734174264,146.02777777777777,632.6884631021779,0
20,Accessories,2026-02-23,9.87134285996248,146.02777777777777,768.8448980199933,0
20,Accessories,2026-03-02,9.46063796384145,146.02777777777777,905.4120378339296,0
20,Accessories,2026-03-09,9.07359068951545,146.02777777777777,1042.366224922192,0
20,Dresses,2025-12-15,29.049894162182177,148.75757575757575,448.7076815953936,0
20,Dresses,2025-12-22,42.98405844637557,148.75757575757575,554.4811989065938,0
20,Dresses,2025-12-29,42.78478786257755,148.75757575757575,660.453986801592,0
20,Dresses,2026-01-05,49.1327464386398,148.75757575757575,760.078816120528,0
20,Dresses,2026-01-12,54.56687176338968,0.0,705.5119443571383,0
20,Dresses,2026-01-19,60.41587307785726,0.0,645.0960712792811,0
20,Dresses,2026-01-26,60.94077428940752,148.75757575757575,732.9128727474493,0
20,Dresses,2026-02-02,67.71887648410875,0.0,665.1939962633406,0
20,Dresses,2026-02-09,72.59782885140615,0.0,592.5961674119345,0
20,Dresses,2026-02-16,77.12191584068324,148.75757575757575,664.231827328827,0
20,Dresses,2026-02-23,81.94298544409709,148.75757575757575,731.0464176423056,0
20,Dresses,2026-03-02,90.18580934204113,0.0,640.8606083002645,0
20,Dresses,2026-03-09,91.0816903944536,0.0,549.7789179058109,0
20,Jackets,2025-12-15,20.54574402802963,0.0,204.45425597197038,0
20,Jackets,2025-12-22,27.199773563148824,168.8125,346.06698240882156,0
20,Jackets,2025-12-29,26.735426655464053,168.8125,488.1440557533575,0
20,Jackets,2026-01-05,26.11926286382354,168.8125,630.837292889534,0
20,Jackets,2026-01-12,25.308800762473524,168.8125,774.3409921270604,0
20,Jackets,2026-01-19,25.119722053416663,168.8125,918.0337700736437,0
20,Jackets,2026-01-26,25.582843523572468,168.8125,1061.2634265500712,0
20,Jackets,2026-02-02,26.448788893091464,0.0,1034.8146376569798,0
20,Jackets,2026-02-09,26.555116932904017,0.0,1008.2595207240757,0
20,Jackets,2026-02-16,25.193832379741625,168.8125,1151.8781883443341,0
20,Jackets,2026-02-23,25.663241769586225,0.0,1126.214946574748,0
20,Jackets,2026-03-02,26.58599908432392,168.8125,1268.441447490424,0
20,Jackets,2026-03-09,28.04173503807323,168.8125,1409.2122124523507,0
20,Shirts,2025-12-15,0.0,131.78947368421052,486.7894736842105,0
20,Shirts,2025-12-22,0.1333698706031742,0.0,486.65610381360733,0
20,Shirts,2025-12-29,0.4009105832149073,0.0,486.2551932303924,0
20,Shirts,2026-01-05,0.5130071852605892,0.0,485.74218604513186,0
20,Shirts,2026-01-12,0.8118306493298533,131.78947368421052,616.7198290800125,0
20,Shirts,2026-01-19,1.6664750824408576,0.0,615.0533539975715,0
20,Shirts,2026-01-26,1.641795504512453,131.78947368421052,745.2010321772697,0
20,Shirts,2026-02-02,1.4174029674123456,0.0,743.7836292098573,0
20,Shirts,2026-02-09,1.5292553446661667,0.0,742.2543738651912,0
20,Shirts,2026-02-16,1.5599286715636953,131.78947368421052,872.4839188778379,0
20,Shirts,2026-02-23,1.613366492881167,0.0,870.8705523849568,0
20,Shirts,2026-03-02,1.6352520510484805,0.0,869.2353003339083,0
20,Shirts,2026-03-09,1.6352520510484805,131.78947368421052,999.3895219670703,0
20,Trousers,2025-12-15,18.21743886266384,0.0,0.0,1
20,Trousers,2025-12-22,19.63445707979341,114.48648648648648,94.85202940669308,0
20,Trousers,2025-12-29,23.24283788698696,0.0,71.60919151970612,0
20,Trousers,2026-01-05,22.87475920963544,0.0,48.73443231007067,0
20,Trousers,2026-01-12,23.54777627457389,0.0,25.18665603549678,0
20,Trousers,2026-01-19,25.869632232507392,0.0,0.0,1
20,Trousers,2026-01-26,26.88423675996996,0.0,0.0,1
20,Trousers,2026-02-02,28.414741386226268,114.48648648648648,86.07174510026022,0
20,Trousers,2026-02-09,29.083252597289395,0.0,56.98849250297082,0
20,Trousers,2026-02-16,29.41871870754028,114.48648648648648,142.05626028191702,0
20,Trousers,2026-02-23,29.211886277329818,114.48648648648648,227.33086049107368,0
20,Trousers,2026-03-02,29.99689260271452,114.48648648648648,311.82045437484567,0
20,Trousers,2026-03-09,29.02597229551732,114.48648648648648,397.2809685658149,0
