week_start,Store_ID,Zone,Category,forecast_units_base
2025-12-15,2,East,Accessories,0.0
2025-12-15,4,East,Accessories,0.0
2025-12-15,17,East,Accessories,0.0
2025-12-15,15,East,Accessories,0.0
2025-12-15,13,East,Accessories,0.0
2025-12-15,2,East,Dresses,9.250135169378359
2025-12-15,4,East,Dresses,13.494465652559544
2025-12-15,17,East,Dresses,12.63549858178293
2025-12-15,15,East,Dresses,9.250135169378359
2025-12-15,13,East,Dresses,9.250135169378359
2025-12-15,2,East,Jackets,12.130252155203051
2025-12-15,4,East,Jackets,15.55833533517581
2025-12-15,17,East,Jackets,12.130252155203051
2025-12-15,15,East,Jackets,12.130252155203051
2025-12-15,13,East,Jackets,15.333550140652116
2025-12-15,2,East,Shirts,11.636669638976155
2025-12-15,4,East,Shirts,6.179753681210706
2025-12-15,15,East,Shirts,6.179753681210706
2025-12-15,17,East,Shirts,6.179753681210706
2025-12-15,13,East,Shirts,6.179753681210706
2025-12-15,2,East,Trousers,0.0
2025-12-15,4,East,Trousers,0.0
2025-12-15,15,East,Trousers,0.0
2025-12-15,17,East,Trousers,0.0
2025-12-15,13,East,Trousers,0.0
2025-12-15,3,North,Accessories,0.0
2025-12-15,10,North,Accessories,0.0
2025-12-15,16,North,Accessories,0.0
2025-12-15,19,North,Accessories,0.0
2025-12-15,11,North,Accessories,0.0
2025-12-15,14,North,Accessories,0.0
2025-12-15,3,North,Dresses,14.541418482677914
2025-12-15,10,North,Dresses,14.541418482677914
2025-12-15,16,North,Dresses,14.541418482677914
2025-12-15,19,North,Dresses,14.541418482677914
2025-12-15,11,North,Dresses,14.541418482677914
2025-12-15,14,North,Dresses,14.541418482677914
2025-12-15,3,North,Jackets,6.3760476391203
2025-12-15,10,North,Jackets,5.449874417461632
2025-12-15,16,North,Jackets,5.449874417461632
2025-12-15,19,North,Jackets,5.449874417461632
2025-12-15,11,North,Jackets,5.449874417461632
2025-12-15,14,North,Jackets,5.449874417461632
2025-12-15,3,North,Shirts,7.469777082912689
2025-12-15,16,North,Shirts,14.30657999596502
2025-12-15,19,North,Shirts,7.469777082912689
2025-12-15,10,North,Shirts,11.436799960026976
2025-12-15,11,North,Shirts,7.469777082912689
2025-12-15,14,North,Shirts,7.469777082912689
2025-12-15,10,North,Trousers,6.224922729460231
2025-12-15,19,North,Trousers,10.229740035682328
2025-12-15,3,North,Trousers,6.224922729460231
2025-12-15,16,North,Trousers,5.348808271969631
2025-12-15,11,North,Trousers,6.937948559888769
2025-12-15,14,North,Trousers,6.224922729460231
2025-12-15,8,South,Accessories,7.964937046523962
2025-12-15,12,South,Accessories,7.964937046523962
2025-12-15,20,South,Accessories,7.964937046523962
2025-12-15,20,South,Dresses,29.049894162182177
2025-12-15,8,South,Dresses,62.56714593227089
2025-12-15,12,South,Dresses,36.98081283181244
2025-12-15,20,South,Jackets,20.54574402802963
2025-12-15,8,South,Jackets,20.54574402802963
2025-12-15,12,South,Jackets,20.54574402802963
2025-12-15,20,South,Shirts,0.0
2025-12-15,8,South,Shirts,0.0
2025-12-15,12,South,Shirts,0.0
2025-12-15,8,South,Trousers,18.217438862663844
2025-12-15,12,South,Trousers,18.217438862663844
2025-12-15,20,South,Trousers,18.217438862663844
2025-12-15,6,West,Accessories,0.0
2025-12-15,7,West,Accessories,0.0
2025-12-15,9,West,Accessories,0.0
2025-12-15,5,West,Accessories,0.0
2025-12-15,1,West,Accessories,0.0
2025-12-15,18,West,Accessories,0.0
2025-12-15,6,West,Dresses,15.384157629262146
2025-12-15,7,West,Dresses,7.128553539016128
2025-12-15,9,West,Dresses,15.605504256627054
2025-12-15,1,West,Dresses,7.128553539016128
2025-12-15,5,West,Dresses,7.128553539016128
2025-12-15,18,West,Dresses,14.454501167626038
2025-12-15,6,West,Jackets,13.327196232275726
2025-12-15,7,West,Jackets,13.327196232275726
2025-12-15,9,West,Jackets,13.327196232275726
2025-12-15,5,West,Jackets,13.327196232275726
2025-12-15,1,West,Jackets,13.327196232275726
2025-12-15,18,West,Jackets,13.327196232275726
2025-12-15,6,West,Shirts,7.848692190495663
2025-12-15,5,West,Shirts,7.445828908288149
2025-12-15,7,West,Shirts,7.848692190495663
2025-12-15,9,West,Shirts,7.646417712984057
2025-12-15,1,West,Shirts,7.646417712984057
2025-12-15,18,West,Shirts,7.378965978556775
2025-12-15,5,West,Trousers,0.0
2025-12-15,6,West,Trousers,0.0
2025-12-15,7,West,Trousers,0.0
2025-12-15,9,West,Trousers,0.0
2025-12-15,1,West,Trousers,0.0
2025-12-15,18,West,Trousers,0.0
2025-12-22,2,East,Accessories,0.0
2025-12-22,4,East,Accessories,0.0
2025-12-22,17,East,Accessories,0.0
2025-12-22,15,East,Accessories,0.0
2025-12-22,13,East,Accessories,0.0
2025-12-22,2,East,Dresses,20.79483685126891
2025-12-22,4,East,Dresses,30.336336334735545
2025-12-22,17,East,Dresses,28.40532886615901
2025-12-22,15,East,Dresses,20.79483685126891
2025-12-22,13,East,Dresses,20.79483685126891
2025-12-22,2,East,Jackets,20.886907923576715
2025-12-22,4,East,Jackets,26.78967538614267
2025-12-22,17,East,Jackets,20.886907923576715
2025-12-22,15,East,Jackets,20.886907923576715
2025-12-22,13,East,Jackets,26.402620970411846
2025-12-22,2,East,Shirts,18.913283686657223
2025-12-22,4,East,Shirts,10.044062271470132
2025-12-22,15,East,Shirts,10.044062271470132
2025-12-22,17,East,Shirts,10.044062271470132
2025-12-22,13,East,Shirts,10.044062271470132
2025-12-22,2,East,Trousers,0.0
2025-12-22,4,East,Trousers,0.0
2025-12-22,15,East,Trousers,0.0
2025-12-22,17,East,Trousers,0.0
2025-12-22,13,East,Trousers,0.0
2025-12-22,3,North,Accessories,0.0
2025-12-22,10,North,Accessories,0.0
2025-12-22,16,North,Accessories,0.0
2025-12-22,19,North,Accessories,0.0
2025-12-22,11,North,Accessories,0.0
2025-12-22,14,North,Accessories,0.0
2025-12-22,3,North,Dresses,27.236294800698722
2025-12-22,10,North,Dresses,27.236294800698722
2025-12-22,16,North,Dresses,27.236294800698722
2025-12-22,19,North,Dresses,27.236294800698722
2025-12-22,11,North,Dresses,27.236294800698722
2025-12-22,14,North,Dresses,27.236294800698722
2025-12-22,3,North,Jackets,11.716992856714125
2025-12-22,10,North,Jackets,10.015003530964394
2025-12-22,16,North,Jackets,10.015003530964394
2025-12-22,19,North,Jackets,10.015003530964394
2025-12-22,11,North,Jackets,10.015003530964394
2025-12-22,14,North,Jackets,10.015003530964394
2025-12-22,3,North,Shirts,10.398952489086
2025-12-22,16,North,Shirts,19.91671826454789
2025-12-22,19,North,Shirts,10.398952489086
2025-12-22,10,North,Shirts,15.921591513561813
2025-12-22,11,North,Shirts,10.398952489086
2025-12-22,14,North,Shirts,10.398952489086
2025-12-22,10,North,Trousers,11.161269948664009
2025-12-22,19,North,Trousers,18.341896760027197
2025-12-22,3,North,Trousers,11.161269948664009
2025-12-22,16,North,Trousers,9.590399049383334
2025-12-22,11,North,Trousers,12.43972337204864
2025-12-22,14,North,Trousers,11.161269948664009
2025-12-22,8,South,Accessories,10.486513521130984
2025-12-22,12,South,Accessories,10.486513521130984
2025-12-22,20,South,Accessories,10.486513521130984
2025-12-22,20,South,Dresses,42.98405844637557
2025-12-22,8,South,Dresses,92.57830140657626
2025-12-22,12,South,Dresses,54.71914669577216
2025-12-22,20,South,Jackets,27.199773563148824
2025-12-22,8,South,Jackets,27.199773563148824
2025-12-22,12,South,Jackets,27.199773563148824
2025-12-22,20,South,Shirts,0.1333698706031742
2025-12-22,8,South,Shirts,0.2517106777368319
2025-12-22,12,South,Shirts,0.219753950262916
2025-12-22,8,South,Trousers,19.634457079793417
2025-12-22,12,South,Trousers,19.634457079793417
2025-12-22,20,South,Trousers,19.634457079793417
2025-12-22,6,West,Accessories,0.6825119833180808
2025-12-22,7,West,Accessories,0.7031079731619919
2025-12-22,9,West,Accessories,0.6825119833180808
2025-12-22,5,West,Accessories,0.7078986722758716
2025-12-22,1,West,Accessories,0.6825119833180808
2025-12-22,18,West,Accessories,0.6825119833180808
2025-12-22,6,West,Dresses,31.75667787485798
2025-12-22,7,West,Dresses,14.715084433457642
2025-12-22,9,West,Dresses,32.2135916502696
2025-12-22,1,West,Dresses,14.715084433457642
2025-12-22,5,West,Dresses,14.715084433457642
2025-12-22,18,West,Dresses,29.83763872445933
2025-12-22,6,West,Jackets,20.548595267485553
2025-12-22,7,West,Jackets,20.548595267485553
2025-12-22,9,West,Jackets,20.548595267485553
2025-12-22,5,West,Jackets,20.548595267485553
2025-12-22,1,West,Jackets,20.548595267485553
2025-12-22,18,West,Jackets,20.548595267485553
2025-12-22,6,West,Shirts,13.163359087219563
2025-12-22,5,West,Shirts,12.487700784149014
2025-12-22,7,West,Shirts,13.163359087219563
2025-12-22,9,West,Shirts,12.82411638065894
2025-12-22,1,West,Shirts,12.82411638065894
2025-12-22,18,West,Shirts,12.375562260645264
2025-12-22,5,West,Trousers,0.0
2025-12-22,6,West,Trousers,0.0
2025-12-22,7,West,Trousers,0.0
2025-12-22,9,West,Trousers,0.0
2025-12-22,1,West,Trousers,0.0
2025-12-22,18,West,Trousers,0.0
2025-12-29,2,East,Accessories,0.053506461409038114
2025-12-29,4,East,Accessories,0.053506461409038114
2025-12-29,17,East,Accessories,0.053506461409038114
2025-12-29,15,East,Accessories,0.07527803743990641
2025-12-29,13,East,Accessories,0.053506461409038114
2025-12-29,2,East,Dresses,23.134383672095733
2025-12-29,4,East,Dresses,33.74936042985524
2025-12-29,17,East,Dresses,31.601102765164498
2025-12-29,15,East,Dresses,23.134383672095733
2025-12-29,13,East,Dresses,23.134383672095733
2025-12-29,2,East,Jackets,26.181427665323127
2025-12-29,4,East,Jackets,33.580458671341425
2025-12-29,17,East,Jackets,26.181427665323127
2025-12-29,15,East,Jackets,26.181427665323127
2025-12-29,13,East,Jackets,33.09529173207601
2025-12-29,2,East,Shirts,19.85054696715131
2025-12-29,4,East,Shirts,10.541804012672177
2025-12-29,15,East,Shirts,10.541804012672177
2025-12-29,17,East,Shirts,10.541804012672177
2025-12-29,13,East,Shirts,10.541804012672177
2025-12-29,2,East,Trousers,0.0699904343325305
2025-12-29,4,East,Trousers,0.07468671051209916
2025-12-29,15,East,Trousers,0.06730952421100159
2025-12-29,17,East,Trousers,0.07099577571936992
2025-12-29,13,East,Trousers,0.07468671051209916
2025-12-29,3,North,Accessories,1.0128713556055087
2025-12-29,10,North,Accessories,0.5808419110178109
2025-12-29,16,North,Accessories,0.5808419110178109
2025-12-29,19,North,Accessories,0.5808419110178109
2025-12-29,11,North,Accessories,0.5808419110178109
2025-12-29,14,North,Accessories,0.5808419110178109
2025-12-29,3,North,Dresses,28.810787311014483
2025-12-29,10,North,Dresses,28.810787311014483
2025-12-29,16,North,Dresses,28.810787311014483
2025-12-29,19,North,Dresses,28.810787311014483
2025-12-29,11,North,Dresses,28.810787311014483
2025-12-29,14,North,Dresses,28.810787311014483
2025-12-29,3,North,Jackets,12.66156748708973
2025-12-29,10,North,Jackets,10.822370948027409
2025-12-29,16,North,Jackets,10.822370948027409
2025-12-29,19,North,Jackets,10.822370948027409
2025-12-29,11,North,Jackets,10.822370948027409
2025-12-29,14,North,Jackets,10.822370948027409
2025-12-29,3,North,Shirts,10.780915851955175
2025-12-29,16,North,Shirts,20.64827816864678
2025-12-29,19,North,Shirts,10.780915851955175
2025-12-29,10,North,Shirts,16.506406632501157
2025-12-29,11,North,Shirts,10.780915851955175
2025-12-29,14,North,Shirts,10.780915851955175
2025-12-29,10,North,Trousers,11.44705775923631
2025-12-29,19,North,Trousers,18.811546767678774
2025-12-29,3,North,Trousers,11.44705775923631
2025-12-29,16,North,Trousers,9.835964218888622
2025-12-29,11,North,Trousers,12.758246382689416
2025-12-29,14,North,Trousers,11.44705775923631
2025-12-29,8,South,Accessories,10.565432989122833
2025-12-29,12,South,Accessories,10.565432989122833
2025-12-29,20,South,Accessories,10.565432989122833
2025-12-29,20,South,Dresses,42.78478786257755
2025-12-29,8,South,Dresses,92.14911596352806
2025-12-29,12,South,Dresses,54.46547320143242
2025-12-29,20,South,Jackets,26.735426655464053
2025-12-29,8,South,Jackets,26.735426655464053
2025-12-29,12,South,Jackets,26.735426655464053
2025-12-29,20,South,Shirts,0.4009105832149072
2025-12-29,8,South,Shirts,0.7566437168792687
2025-12-29,12,South,Shirts,0.6605816138625581
2025-12-29,8,South,Trousers,23.242837886986965
2025-12-29,12,South,Trousers,23.242837886986965
2025-12-29,20,South,Trousers,23.242837886986965
2025-12-29,6,West,Accessories,1.1887593893645385
2025-12-29,7,West,Accessories,1.224632277912483
2025-12-29,9,West,Accessories,1.1887593893645385
2025-12-29,5,West,Accessories,1.2329764369784646
2025-12-29,1,West,Accessories,1.1887593893645385
2025-12-29,18,West,Accessories,1.1887593893645385
2025-12-29,6,West,Dresses,34.52239949692472
2025-12-29,7,West,Dresses,15.996636217574592
2025-12-29,9,West,Dresses,35.01910636130666
2025-12-29,1,West,Dresses,15.996636217574592
2025-12-29,5,West,Dresses,15.996636217574592
2025-12-29,18,West,Dresses,32.43622926018369
2025-12-29,6,West,Jackets,20.595114278069097
2025-12-29,7,West,Jackets,20.595114278069097
2025-12-29,9,West,Jackets,20.595114278069097
2025-12-29,5,West,Jackets,20.595114278069097
2025-12-29,1,West,Jackets,20.595114278069097
2025-12-29,18,West,Jackets,20.595114278069097
2025-12-29,6,West,Shirts,11.645679244112397
2025-12-29,5,West,Shirts,11.04792149671337
2025-12-29,7,West,Shirts,11.645679244112397
2025-12-29,9,West,Shirts,11.345549792326391
2025-12-29,1,West,Shirts,11.345549792326391
2025-12-29,18,West,Shirts,10.948712072509409
2025-12-29,5,West,Trousers,0.0
2025-12-29,6,West,Trousers,0.0
2025-12-29,7,West,Trousers,0.0
2025-12-29,9,West,Trousers,0.0
2025-12-29,1,West,Trousers,0.0
2025-12-29,18,West,Trousers,0.0
2026-01-05,2,East,Accessories,0.30874683183608714
2026-01-05,4,East,Accessories,0.30874683183608714
2026-01-05,17,East,Accessories,0.30874683183608714
2026-01-05,15,East,Accessories,0.4343747456729315
2026-01-05,13,East,Accessories,0.30874683183608714
2026-01-05,2,East,Dresses,24.939280996290822
2026-01-05,4,East,Dresses,36.38241654220003
2026-01-05,17,East,Dresses,34.066556205847945
2026-01-05,15,East,Dresses,24.939280996290822
2026-01-05,13,East,Dresses,24.939280996290822
2026-01-05,2,East,Jackets,28.225411554334052
2026-01-05,4,East,Jackets,36.2020848632824
2026-01-05,17,East,Jackets,28.225411554334052
2026-01-05,15,East,Jackets,28.225411554334052
2026-01-05,13,East,Jackets,35.679040944196935
2026-01-05,2,East,Shirts,12.972254728277331
2026-01-05,4,East,Shirts,6.889027651190424
2026-01-05,15,East,Shirts,6.889027651190424
2026-01-05,17,East,Shirts,6.889027651190424
2026-01-05,13,East,Shirts,6.889027651190424
2026-01-05,2,East,Trousers,0.4144346311644852
2026-01-05,4,East,Trousers,0.44224270958101664
2026-01-05,15,East,Trousers,0.3985601476297465
2026-01-05,17,East,Trousers,0.4203875630304265
2026-01-05,13,East,Trousers,0.44224270958101664
2026-01-05,3,North,Accessories,1.7180453877989883
2026-01-05,10,North,Accessories,0.9852315012580587
2026-01-05,16,North,Accessories,0.9852315012580587
2026-01-05,19,North,Accessories,0.9852315012580587
2026-01-05,11,North,Accessories,0.9852315012580587
2026-01-05,14,North,Accessories,0.9852315012580587
2026-01-05,3,North,Dresses,29.34726436284359
2026-01-05,10,North,Dresses,29.34726436284359
2026-01-05,16,North,Dresses,29.34726436284359
2026-01-05,19,North,Dresses,29.34726436284359
2026-01-05,11,North,Dresses,29.34726436284359
2026-01-05,14,North,Dresses,29.34726436284359
2026-01-05,3,North,Jackets,15.977979520502007
2026-01-05,10,North,Jackets,13.657046929392747
2026-01-05,16,North,Jackets,13.657046929392747
2026-01-05,19,North,Jackets,13.657046929392747
2026-01-05,11,North,Jackets,13.657046929392747
2026-01-05,14,North,Jackets,13.657046929392747
2026-01-05,3,North,Shirts,10.553481859267874
2026-01-05,16,North,Shirts,20.212682491015947
2026-01-05,19,North,Shirts,10.553481859267874
2026-01-05,10,North,Shirts,16.158187796838035
2026-01-05,11,North,Shirts,10.553481859267874
2026-01-05,14,North,Shirts,10.553481859267874
2026-01-05,10,North,Trousers,10.950240584573178
2026-01-05,19,North,Trousers,17.995101204746184
2026-01-05,3,North,Trousers,10.950240584573178
2026-01-05,16,North,Trousers,9.409070596431533
2026-01-05,11,North,Trousers,12.20452191874238
2026-01-05,14,North,Trousers,10.950240584573178
2026-01-05,8,South,Accessories,8.666771063860566
2026-01-05,12,South,Accessories,8.666771063860566
2026-01-05,20,South,Accessories,8.666771063860566
2026-01-05,20,South,Dresses,49.1327464386398
2026-01-05,8,South,Dresses,105.8212363637995
2026-01-05,12,South,Dresses,62.546489492055024
2026-01-05,20,South,Jackets,26.11926286382354
2026-01-05,8,South,Jackets,26.11926286382354
2026-01-05,12,South,Jackets,26.11926286382354
2026-01-05,20,South,Shirts,0.5130071852605891
2026-01-05,8,South,Shirts,0.9682050803664354
2026-01-05,12,South,Shirts,0.8452835334129126
2026-01-05,8,South,Trousers,22.874759209635446
2026-01-05,12,South,Trousers,22.874759209635446
2026-01-05,20,South,Trousers,22.874759209635446
2026-01-05,6,West,Accessories,1.6611174720494042
2026-01-05,7,West,Accessories,1.7112445898438011
2026-01-05,9,West,Accessories,1.6611174720494042
2026-01-05,5,West,Accessories,1.722904332377125
2026-01-05,1,West,Accessories,1.6611174720494042
2026-01-05,18,West,Accessories,1.6611174720494042
2026-01-05,6,West,Dresses,35.321871662179944
2026-01-05,7,West,Dresses,16.367087448660186
2026-01-05,9,West,Dresses,35.83008129920085
2026-01-05,1,West,Dresses,16.367087448660186
2026-01-05,5,West,Dresses,16.367087448660186
2026-01-05,18,West,Dresses,33.18738974778722
2026-01-05,6,West,Jackets,21.668970812154072
2026-01-05,7,West,Jackets,21.668970812154072
2026-01-05,9,West,Jackets,21.668970812154072
2026-01-05,5,West,Jackets,21.668970812154072
2026-01-05,1,West,Jackets,21.668970812154072
2026-01-05,18,West,Jackets,21.668970812154072
2026-01-05,6,West,Shirts,10.292417982197613
2026-01-05,5,West,Shirts,9.764121396024839
2026-01-05,7,West,Shirts,10.292417982197613
2026-01-05,9,West,Shirts,10.027164431777948
2026-01-05,1,West,Shirts,10.027164431777948
2026-01-05,18,West,Shirts,9.67644039088325
2026-01-05,5,West,Trousers,0.0
2026-01-05,6,West,Trousers,0.0
2026-01-05,7,West,Trousers,0.0
2026-01-05,9,West,Trousers,0.0
2026-01-05,1,West,Trousers,0.0
2026-01-05,18,West,Trousers,0.0
2026-01-12,2,East,Accessories,0.5580795281006309
2026-01-12,4,East,Accessories,0.5580795281006309
2026-01-12,17,East,Accessories,0.5580795281006309
2026-01-12,15,East,Accessories,0.7851599695529151
2026-01-12,13,East,Accessories,0.5580795281006309
2026-01-12,2,East,Dresses,27.125967776226013
2026-01-12,4,East,Dresses,39.57244232068004
2026-01-12,17,East,Dresses,37.053526363661476
2026-01-12,15,East,Dresses,27.125967776226013
2026-01-12,13,East,Dresses,27.125967776226013
2026-01-12,2,East,Jackets,30.57509424671029
2026-01-12,4,East,Jackets,39.21580220332695
2026-01-12,17,East,Jackets,30.57509424671029
2026-01-12,15,East,Jackets,30.57509424671029
2026-01-12,13,East,Jackets,38.649216412702714
2026-01-12,2,East,Shirts,13.251634886693903
2026-01-12,4,East,Shirts,7.037394891646341
2026-01-12,15,East,Shirts,7.037394891646341
2026-01-12,17,East,Shirts,7.037394891646341
2026-01-12,13,East,Shirts,7.037394891646341
2026-01-12,2,East,Trousers,0.8416077782505302
2026-01-12,4,East,Trousers,0.8980786745841547
2026-01-12,15,East,Trousers,0.8093708756996825
2026-01-12,17,East,Trousers,0.8536966178045375
2026-01-12,13,East,Trousers,0.8980786745841547
2026-01-12,3,North,Accessories,1.8652641527550455
2026-01-12,10,North,Accessories,1.0696556764521914
2026-01-12,16,North,Accessories,1.0696556764521914
2026-01-12,19,North,Accessories,1.0696556764521914
2026-01-12,11,North,Accessories,1.0696556764521914
2026-01-12,14,North,Accessories,1.0696556764521914
2026-01-12,3,North,Dresses,30.18506770751812
2026-01-12,10,North,Dresses,30.18506770751812
2026-01-12,16,North,Dresses,30.18506770751812
2026-01-12,19,North,Dresses,30.18506770751812
2026-01-12,11,North,Dresses,30.18506770751812
2026-01-12,14,North,Dresses,30.18506770751812
2026-01-12,3,North,Jackets,14.681146129272625
2026-01-12,10,North,Jackets,12.548589226033094
2026-01-12,16,North,Jackets,12.548589226033094
2026-01-12,19,North,Jackets,12.548589226033094
2026-01-12,11,North,Jackets,12.548589226033094
2026-01-12,14,North,Jackets,12.548589226033094
2026-01-12,3,North,Shirts,10.830957863053362
2026-01-12,16,North,Shirts,20.74412172957082
2026-01-12,19,North,Shirts,10.830957863053362
2026-01-12,10,North,Shirts,16.583024778421013
2026-01-12,11,North,Shirts,10.830957863053362
2026-01-12,14,North,Shirts,10.830957863053362
2026-01-12,10,North,Trousers,11.980655411118422
2026-01-12,19,North,Trousers,19.68843560624558
2026-01-12,3,North,Trousers,11.980655411118422
2026-01-12,16,North,Trousers,10.294461722927212
2026-01-12,11,North,Trousers,13.352964296682948
2026-01-12,14,North,Trousers,11.980655411118422
2026-01-12,8,South,Accessories,8.83812938831423
2026-01-12,12,South,Accessories,8.83812938831423
2026-01-12,20,South,Accessories,8.83812938831423
2026-01-12,20,South,Dresses,54.56687176338966
2026-01-12,8,South,Dresses,117.52515894299053
2026-01-12,12,South,Dresses,69.46418669319661
2026-01-12,20,South,Jackets,25.308800762473524
2026-01-12,8,South,Jackets,25.308800762473524
2026-01-12,12,South,Jackets,25.308800762473524
2026-01-12,20,South,Shirts,0.8118306493298533
2026-01-12,8,South,Shirts,1.532178459993844
2026-01-12,12,South,Shirts,1.337655883805719
2026-01-12,8,South,Trousers,23.5477762745739
2026-01-12,12,South,Trousers,23.5477762745739
2026-01-12,20,South,Trousers,23.5477762745739
2026-01-12,6,West,Accessories,2.771460000708281
2026-01-12,7,West,Accessories,2.8550936414685357
2026-01-12,9,West,Accessories,2.771460000708281
2026-01-12,5,West,Accessories,2.874547118175271
2026-01-12,1,West,Accessories,2.771460000708281
2026-01-12,18,West,Accessories,2.771460000708281
2026-01-12,6,West,Dresses,40.15532366979246
2026-01-12,7,West,Dresses,18.60676298012985
2026-01-12,9,West,Dresses,40.73307681554471
2026-01-12,1,West,Dresses,18.60676298012985
2026-01-12,5,West,Dresses,18.60676298012985
2026-01-12,18,West,Dresses,37.72875882182799
2026-01-12,6,West,Jackets,25.434675608932665
2026-01-12,7,West,Jackets,25.434675608932665
2026-01-12,9,West,Jackets,25.434675608932665
2026-01-12,5,West,Jackets,25.434675608932665
2026-01-12,1,West,Jackets,25.434675608932665
2026-01-12,18,West,Jackets,25.434675608932665
2026-01-12,6,West,Shirts,11.681021651328935
2026-01-12,5,West,Shirts,11.081449823593108
2026-01-12,7,West,Shirts,11.681021651328935
2026-01-12,9,West,Shirts,11.37998136410943
2026-01-12,1,West,Shirts,11.37998136410943
2026-01-12,18,West,Shirts,10.98193931777798
2026-01-12,5,West,Trousers,0.2874035799224522
2026-01-12,6,West,Trousers,0.2874035799224522
2026-01-12,7,West,Trousers,0.2874035799224522
2026-01-12,9,West,Trousers,0.2874035799224522
2026-01-12,1,West,Trousers,0.4488151921177715
2026-01-12,18,West,Trousers,0.2874035799224522
2026-01-19,2,East,Accessories,1.2961179668646765
2026-01-19,4,East,Accessories,1.2961179668646765
2026-01-19,17,East,Accessories,1.2961179668646765
2026-01-19,15,East,Accessories,1.8235034473741794
2026-01-19,13,East,Accessories,1.2961179668646765
2026-01-19,2,East,Dresses,29.50793460973732
2026-01-19,4,East,Dresses,43.04735042005157
2026-01-19,17,East,Dresses,40.30724514674697
2026-01-19,15,East,Dresses,29.50793460973732
2026-01-19,13,East,Dresses,29.50793460973732
2026-01-19,2,East,Jackets,32.185073762299126
2026-01-19,4,East,Jackets,41.28077174112431
2026-01-19,17,East,Jackets,32.185073762299126
2026-01-19,15,East,Jackets,32.185073762299126
2026-01-19,13,East,Jackets,40.68435148754247
2026-01-19,2,East,Shirts,16.21713688609697
2026-01-19,4,East,Shirts,8.61225028120445
2026-01-19,15,East,Shirts,8.61225028120445
2026-01-19,17,East,Shirts,8.61225028120445
2026-01-19,13,East,Shirts,8.61225028120445
2026-01-19,2,East,Trousers,1.6239557264706017
2026-01-19,4,East,Trousers,1.7329212539405938
2026-01-19,15,East,Trousers,1.5617518069560414
2026-01-19,17,East,Trousers,1.647282198406167
2026-01-19,13,East,Trousers,1.7329212539405938
2026-01-19,3,North,Accessories,1.7776329531369102
2026-01-19,10,North,Accessories,1.0194026278599027
2026-01-19,16,North,Accessories,1.0194026278599027
2026-01-19,19,North,Accessories,1.0194026278599027
2026-01-19,11,North,Accessories,1.0194026278599027
2026-01-19,14,North,Accessories,1.0194026278599027
2026-01-19,3,North,Dresses,30.493339185120917
2026-01-19,10,North,Dresses,30.493339185120917
2026-01-19,16,North,Dresses,30.493339185120917
2026-01-19,19,North,Dresses,30.493339185120917
2026-01-19,11,North,Dresses,30.493339185120917
2026-01-19,14,North,Dresses,30.493339185120917
2026-01-19,3,North,Jackets,14.119790316967089
2026-01-19,10,North,Jackets,12.068774950210113
2026-01-19,16,North,Jackets,12.068774950210113
2026-01-19,19,North,Jackets,12.068774950210113
2026-01-19,11,North,Jackets,12.068774950210113
2026-01-19,14,North,Jackets,12.068774950210113
2026-01-19,3,North,Shirts,10.996712002654895
2026-01-19,16,North,Shirts,21.061584330067465
2026-01-19,19,North,Shirts,10.996712002654895
2026-01-19,10,North,Shirts,16.83680704208529
2026-01-19,11,North,Shirts,10.996712002654895
2026-01-19,14,North,Shirts,10.996712002654895
2026-01-19,10,North,Trousers,12.332718910105815
2026-01-19,19,North,Trousers,20.266999907718613
2026-01-19,3,North,Trousers,12.332718910105815
2026-01-19,16,North,Trousers,10.596974739953149
2026-01-19,11,North,Trousers,13.745354459893985
2026-01-19,14,North,Trousers,12.332718910105815
2026-01-19,8,South,Accessories,9.575227628897968
2026-01-19,12,South,Accessories,9.575227628897968
2026-01-19,20,South,Accessories,9.575227628897968
2026-01-19,20,South,Dresses,60.41587307785725
2026-01-19,8,South,Dresses,130.12263405795142
2026-01-19,12,South,Dresses,76.91002527889913
2026-01-19,20,South,Jackets,25.11972205341666
2026-01-19,8,South,Jackets,25.11972205341666
2026-01-19,12,South,Jackets,25.11972205341666
2026-01-19,20,South,Shirts,1.6664750824408576
2026-01-19,8,South,Shirts,3.1451599265685104
2026-01-19,12,South,Shirts,2.7458561721989194
2026-01-19,8,South,Trousers,25.869632232507392
2026-01-19,12,South,Trousers,25.869632232507392
2026-01-19,20,South,Trousers,25.869632232507392
2026-01-19,6,West,Accessories,3.872312449919412
2026-01-19,7,West,Accessories,3.9891662339412846
2026-01-19,9,West,Accessories,3.872312449919412
2026-01-19,5,West,Accessories,4.016346831902813
2026-01-19,1,West,Accessories,3.872312449919412
2026-01-19,18,West,Accessories,3.872312449919412
2026-01-19,6,West,Dresses,43.14966610285848
2026-01-19,7,West,Dresses,19.9942507362133
2026-01-19,9,West,Dresses,43.77050172440871
2026-01-19,1,West,Dresses,19.9942507362133
2026-01-19,5,West,Dresses,19.9942507362133
2026-01-19,18,West,Dresses,40.54215473456221
2026-01-19,6,West,Jackets,26.417415068731902
2026-01-19,7,West,Jackets,26.417415068731902
2026-01-19,9,West,Jackets,26.417415068731902
2026-01-19,5,West,Jackets,26.417415068731902
2026-01-19,1,West,Jackets,26.417415068731902
2026-01-19,18,West,Jackets,26.417415068731902
2026-01-19,6,West,Shirts,13.393548875968287
2026-01-19,5,West,Shirts,12.706075226904394
2026-01-19,7,West,Shirts,13.393548875968287
2026-01-19,9,West,Shirts,13.048373777345706
2026-01-19,1,West,Shirts,13.048373777345706
2026-01-19,18,West,Shirts,12.591975718908397
2026-01-19,5,West,Trousers,0.6029239937246057
2026-01-19,6,West,Trousers,0.6029239937246057
2026-01-19,7,West,Trousers,0.6029239937246057
2026-01-19,9,West,Trousers,0.6029239937246057
2026-01-19,1,West,Trousers,0.9415381956930988
2026-01-19,18,West,Trousers,0.6029239937246057
2026-01-26,2,East,Accessories,1.9242044609559728
2026-01-26,4,East,Accessories,1.9242044609559728
2026-01-26,17,East,Accessories,1.9242044609559728
2026-01-26,15,East,Accessories,2.707155951625144
2026-01-26,13,East,Accessories,1.9242044609559728
2026-01-26,2,East,Dresses,32.197108718764355
2026-01-26,4,East,Dresses,46.9704247301599
2026-01-26,17,East,Dresses,43.980602888941135
2026-01-26,15,East,Dresses,32.197108718764355
2026-01-26,13,East,Dresses,32.197108718764355
2026-01-26,2,East,Jackets,30.88176951449799
2026-01-26,4,East,Jackets,39.60914577064919
2026-01-26,17,East,Jackets,30.88176951449799
2026-01-26,15,East,Jackets,30.88176951449799
2026-01-26,13,East,Jackets,39.036876993484924
2026-01-26,2,East,Shirts,18.069928226485974
2026-01-26,4,East,Shirts,9.596191087423957
2026-01-26,15,East,Shirts,9.596191087423957
2026-01-26,17,East,Shirts,9.596191087423957
2026-01-26,13,East,Shirts,9.596191087423957
2026-01-26,2,East,Trousers,2.8627513552451735
2026-01-26,4,East,Trousers,3.054838618681645
2026-01-26,15,East,Trousers,2.7530966694743464
2026-01-26,17,East,Trousers,2.9038718661422034
2026-01-26,13,East,Trousers,3.054838618681645
2026-01-26,3,North,Accessories,2.0557436243691827
2026-01-26,10,North,Accessories,1.1788881665307336
2026-01-26,16,North,Accessories,1.1788881665307336
2026-01-26,19,North,Accessories,1.1788881665307336
2026-01-26,11,North,Accessories,1.1788881665307336
2026-01-26,14,North,Accessories,1.1788881665307336
2026-01-26,3,North,Dresses,30.598200208334294
2026-01-26,10,North,Dresses,30.598200208334294
2026-01-26,16,North,Dresses,30.598200208334294
2026-01-26,19,North,Dresses,30.598200208334294
2026-01-26,11,North,Dresses,30.598200208334294
2026-01-26,14,North,Dresses,30.598200208334294
2026-01-26,3,North,Jackets,14.606845312749888
2026-01-26,10,North,Jackets,12.485081212592398
2026-01-26,16,North,Jackets,12.485081212592398
2026-01-26,19,North,Jackets,12.485081212592398
2026-01-26,11,North,Jackets,12.485081212592398
2026-01-26,14,North,Jackets,12.485081212592398
2026-01-26,3,North,Shirts,11.47500835317183
2026-01-26,16,North,Shirts,21.977647142182928
2026-01-26,19,North,Shirts,11.47500835317183
2026-01-26,10,North,Shirts,17.56911533211262
2026-01-26,11,North,Shirts,11.47500835317183
2026-01-26,14,North,Shirts,11.47500835317183
2026-01-26,10,North,Trousers,12.390694178118702
2026-01-26,19,North,Trousers,20.36227368798002
2026-01-26,3,North,Trousers,12.390694178118702
2026-01-26,16,North,Trousers,10.646790393350646
2026-01-26,11,North,Trousers,13.809970430999229
2026-01-26,14,North,Trousers,12.390694178118702
2026-01-26,8,South,Accessories,9.9440380387893
2026-01-26,12,South,Accessories,9.9440380387893
2026-01-26,20,South,Accessories,9.9440380387893
2026-01-26,20,South,Dresses,60.940774289407514
2026-01-26,8,South,Dresses,131.2531569617438
2026-01-26,12,South,Dresses,77.57822989786129
2026-01-26,20,South,Jackets,25.582843523572468
2026-01-26,8,South,Jackets,25.582843523572468
2026-01-26,12,South,Jackets,25.582843523572468
2026-01-26,20,South,Shirts,1.641795504512453
2026-01-26,8,South,Shirts,3.098581840689571
2026-01-26,12,South,Shirts,2.705191554950207
2026-01-26,8,South,Trousers,26.884236759969966
2026-01-26,12,South,Trousers,26.884236759969966
2026-01-26,20,South,Trousers,26.884236759969966
2026-01-26,6,West,Accessories,5.159850651963504
2026-01-26,7,West,Accessories,5.315558147540781
2026-01-26,9,West,Accessories,5.159850651963504
2026-01-26,5,West,Accessories,5.3517762544023455
2026-01-26,1,West,Accessories,5.159850651963504
2026-01-26,18,West,Accessories,5.159850651963504
2026-01-26,6,West,Dresses,43.047835494230185
2026-01-26,7,West,Dresses,19.947065510800844
2026-01-26,9,West,Dresses,43.667205981170795
2026-01-26,1,West,Dresses,19.947065510800844
2026-01-26,5,West,Dresses,19.947065510800844
2026-01-26,18,West,Dresses,40.44647769544255
2026-01-26,6,West,Jackets,27.11037326279314
2026-01-26,7,West,Jackets,27.11037326279314
2026-01-26,9,West,Jackets,27.11037326279314
2026-01-26,5,West,Jackets,27.11037326279314
2026-01-26,1,West,Jackets,27.11037326279314
2026-01-26,18,West,Jackets,27.11037326279314
2026-01-26,6,West,Shirts,13.814147200289167
2026-01-26,5,West,Shirts,13.10508477983326
2026-01-26,7,West,Shirts,13.814147200289167
2026-01-26,9,West,Shirts,13.458132549773177
2026-01-26,1,West,Shirts,13.458132549773177
2026-01-26,18,West,Shirts,12.987402198947967
2026-01-26,5,West,Trousers,1.3158037376554608
2026-01-26,6,West,Trousers,1.3158037376554608
2026-01-26,7,West,Trousers,1.3158037376554608
2026-01-26,9,West,Trousers,1.3158037376554608
2026-01-26,1,West,Trousers,2.0547854952414353
2026-01-26,18,West,Trousers,1.3158037376554608
2026-02-02,2,East,Accessories,1.5736341515634173
2026-02-02,4,East,Accessories,1.5736341515634173
2026-02-02,17,East,Accessories,1.5736341515634173
2026-02-02,15,East,Accessories,2.213939914144583
2026-02-02,13,East,Accessories,1.5736341515634173
2026-02-02,2,East,Dresses,32.21548036602986
2026-02-02,4,East,Dresses,46.99722602100222
2026-02-02,17,East,Dresses,44.0056981895738
2026-02-02,15,East,Dresses,32.21548036602986
2026-02-02,13,East,Dresses,32.21548036602986
2026-02-02,2,East,Jackets,29.185477188013834
2026-02-02,4,East,Jackets,37.43347089561324
2026-02-02,17,East,Jackets,29.185477188013834
2026-02-02,15,East,Jackets,29.185477188013834
2026-02-02,13,East,Jackets,36.89263604048943
2026-02-02,2,East,Shirts,18.168379490685275
2026-02-02,4,East,Shirts,9.648474479599816
2026-02-02,15,East,Shirts,9.648474479599816
2026-02-02,17,East,Shirts,9.648474479599816
2026-02-02,13,East,Shirts,9.648474479599816
2026-02-02,2,East,Trousers,3.713056896168248
2026-02-02,4,East,Trousers,3.9621986656279273
2026-02-02,15,East,Trousers,3.5708321491770225
2026-02-02,17,East,Trousers,3.766391181131708
2026-02-02,13,East,Trousers,3.9621986656279273
2026-02-02,3,North,Accessories,2.5352716746496005
2026-02-02,10,North,Accessories,1.4538786552735152
2026-02-02,16,North,Accessories,1.4538786552735152
2026-02-02,19,North,Accessories,1.4538786552735152
2026-02-02,11,North,Accessories,1.4538786552735152
2026-02-02,14,North,Accessories,1.4538786552735152
2026-02-02,3,North,Dresses,30.765645862045425
2026-02-02,10,North,Dresses,30.765645862045425
2026-02-02,16,North,Dresses,30.765645862045425
2026-02-02,19,North,Dresses,30.765645862045425
2026-02-02,11,North,Dresses,30.765645862045425
2026-02-02,14,North,Dresses,30.765645862045425
2026-02-02,3,North,Jackets,14.240736349514421
2026-02-02,10,North,Jackets,12.172152579421825
2026-02-02,16,North,Jackets,12.172152579421825
2026-02-02,19,North,Jackets,12.172152579421825
2026-02-02,11,North,Jackets,12.172152579421825
2026-02-02,14,North,Jackets,12.172152579421825
2026-02-02,3,North,Shirts,11.47185459504099
2026-02-02,16,North,Shirts,21.97160686916193
2026-02-02,19,North,Shirts,11.47185459504099
2026-02-02,10,North,Shirts,17.56428668723281
2026-02-02,11,North,Shirts,11.47185459504099
2026-02-02,14,North,Shirts,11.47185459504099
2026-02-02,10,North,Trousers,12.416158016706738
2026-02-02,19,North,Trousers,20.40411974139903
2026-02-02,3,North,Trousers,12.416158016706738
2026-02-02,16,North,Trousers,10.668670374258875
2026-02-02,11,North,Trousers,13.838350992483953
2026-02-02,14,North,Trousers,12.416158016706738
2026-02-02,8,South,Accessories,9.695184819149924
2026-02-02,12,South,Accessories,9.695184819149924
2026-02-02,20,South,Accessories,9.695184819149924
2026-02-02,20,South,Dresses,67.71887648410875
2026-02-02,8,South,Dresses,145.85171304570375
2026-02-02,12,South,Dresses,86.20682342105071
2026-02-02,20,South,Jackets,26.448788893091464
2026-02-02,8,South,Jackets,26.448788893091464
2026-02-02,12,South,Jackets,26.448788893091464
2026-02-02,20,South,Shirts,1.4174029674123454
2026-02-02,8,South,Shirts,2.675082909955728
2026-02-02,12,South,Shirts,2.3354592742315288
2026-02-02,8,South,Trousers,28.414741386226275
2026-02-02,12,South,Trousers,28.414741386226275
2026-02-02,20,South,Trousers,28.414741386226275
2026-02-02,6,West,Accessories,4.795281593366249
2026-02-02,7,West,Accessories,4.939987581553472
2026-02-02,9,West,Accessories,4.795281593366249
2026-02-02,5,West,Accessories,4.97364669940289
2026-02-02,1,West,Accessories,4.795281593366249
2026-02-02,18,West,Accessories,4.795281593366249
2026-02-02,6,West,Dresses,44.98006244784143
2026-02-02,7,West,Dresses,20.842401064445227
2026-02-02,9,West,Dresses,45.627233736736386
2026-02-02,1,West,Dresses,20.842401064445227
2026-02-02,5,West,Dresses,20.842401064445227
2026-02-02,18,West,Dresses,42.261941202132576
2026-02-02,6,West,Jackets,28.95971926268486
2026-02-02,7,West,Jackets,28.95971926268486
2026-02-02,9,West,Jackets,28.95971926268486
2026-02-02,5,West,Jackets,28.95971926268486
2026-02-02,1,West,Jackets,28.95971926268486
2026-02-02,18,West,Jackets,28.95971926268486
2026-02-02,6,West,Shirts,14.596202417213654
2026-02-02,5,West,Shirts,13.846998107649238
2026-02-02,7,West,Shirts,14.596202417213654
2026-02-02,9,West,Shirts,14.22003284068589
2026-02-02,1,West,Shirts,14.22003284068589
2026-02-02,18,West,Shirts,13.722653206246571
2026-02-02,5,West,Trousers,1.7502331354109395
2026-02-02,6,West,Trousers,1.7502331354109395
2026-02-02,7,West,Trousers,1.7502331354109395
2026-02-02,9,West,Trousers,1.7502331354109395
2026-02-02,1,West,Trousers,2.7331991519810015
2026-02-02,18,West,Trousers,1.7502331354109395
2026-02-09,2,East,Accessories,1.844766887276652
2026-02-09,4,East,Accessories,1.844766887276652
2026-02-09,17,East,Accessories,1.844766887276652
2026-02-09,15,East,Accessories,2.5953955307695593
2026-02-09,13,East,Accessories,1.844766887276652
2026-02-09,2,East,Dresses,33.12209548366295
2026-02-09,4,East,Dresses,48.31983226847538
2026-02-09,17,East,Dresses,45.24411620437193
2026-02-09,15,East,Dresses,33.12209548366295
2026-02-09,13,East,Dresses,33.12209548366295
2026-02-09,2,East,Jackets,26.339139967188412
2026-02-09,4,East,Jackets,33.782741430801636
2026-02-09,17,East,Jackets,26.339139967188412
2026-02-09,15,East,Jackets,26.339139967188412
2026-02-09,13,East,Jackets,33.294651931477276
2026-02-09,2,East,Shirts,18.441776985902745
2026-02-09,4,East,Shirts,9.793664575213167
2026-02-09,15,East,Shirts,9.793664575213167
2026-02-09,17,East,Shirts,9.793664575213167
2026-02-09,13,East,Shirts,9.793664575213167
2026-02-09,2,East,Trousers,4.8570273323474265
2026-02-09,4,East,Trousers,5.182928178397977
2026-02-09,15,East,Trousers,4.670983998568875
2026-02-09,17,East,Trousers,4.926793588847848
2026-02-09,13,East,Trousers,5.182928178397977
2026-02-09,3,North,Accessories,2.338600699737725
2026-02-09,10,North,Accessories,1.3410955814138952
2026-02-09,16,North,Accessories,1.3410955814138952
2026-02-09,19,North,Accessories,1.3410955814138952
2026-02-09,11,North,Accessories,1.3410955814138952
2026-02-09,14,North,Accessories,1.3410955814138952
2026-02-09,3,North,Dresses,30.671510548207713
2026-02-09,10,North,Dresses,30.671510548207713
2026-02-09,16,North,Dresses,30.671510548207713
2026-02-09,19,North,Dresses,30.671510548207713
2026-02-09,11,North,Dresses,30.671510548207713
2026-02-09,14,North,Dresses,30.671510548207713
2026-02-09,3,North,Jackets,14.166423522329247
2026-02-09,10,North,Jackets,12.108634299965932
2026-02-09,16,North,Jackets,12.108634299965932
2026-02-09,19,North,Jackets,12.108634299965932
2026-02-09,11,North,Jackets,12.108634299965932
2026-02-09,14,North,Jackets,12.108634299965932
2026-02-09,3,North,Shirts,11.473126833554229
2026-02-09,16,North,Shirts,21.974043539207315
2026-02-09,19,North,Shirts,11.473126833554229
2026-02-09,10,North,Shirts,17.56623458169015
2026-02-09,11,North,Shirts,11.473126833554229
2026-02-09,14,North,Shirts,11.473126833554229
2026-02-09,10,North,Trousers,12.456656874811697
2026-02-09,19,North,Trousers,20.470673626187835
2026-02-09,3,North,Trousers,12.456656874811697
2026-02-09,16,North,Trousers,10.703469300551076
2026-02-09,11,North,Trousers,13.883488740609994
2026-02-09,14,North,Trousers,12.456656874811697
2026-02-09,8,South,Accessories,9.32384061584521
2026-02-09,12,South,Accessories,9.32384061584521
2026-02-09,20,South,Accessories,9.32384061584521
2026-02-09,20,South,Dresses,72.59782885140615
2026-02-09,8,South,Dresses,156.3599139726005
2026-02-09,12,South,Dresses,92.41777976061765
2026-02-09,20,South,Jackets,26.555116932904017
2026-02-09,8,South,Jackets,26.555116932904017
2026-02-09,12,South,Jackets,26.555116932904017
2026-02-09,20,South,Shirts,1.5292553446661663
2026-02-09,8,South,Shirts,2.886183344841844
2026-02-09,12,South,Shirts,2.5197587838333626
2026-02-09,8,South,Trousers,29.083252597289395
2026-02-09,12,South,Trousers,29.083252597289395
2026-02-09,20,South,Trousers,29.083252597289395
2026-02-09,6,West,Accessories,4.616970529592294
2026-02-09,7,West,Accessories,4.756295670339021
2026-02-09,9,West,Accessories,4.616970529592294
2026-02-09,5,West,Accessories,4.78870318429562
2026-02-09,1,West,Accessories,4.616970529592294
2026-02-09,18,West,Accessories,4.616970529592294
2026-02-09,6,West,Dresses,44.12339486789302
2026-02-09,7,West,Dresses,20.445447207369167
2026-02-09,9,West,Dresses,44.758240458874305
2026-02-09,1,West,Dresses,20.445447207369167
2026-02-09,5,West,Dresses,20.445447207369167
2026-02-09,18,West,Dresses,41.457041588319555
2026-02-09,6,West,Jackets,28.476926667320512
2026-02-09,7,West,Jackets,28.476926667320512
2026-02-09,9,West,Jackets,28.476926667320512
2026-02-09,5,West,Jackets,28.476926667320512
2026-02-09,1,West,Jackets,28.476926667320512
2026-02-09,18,West,Jackets,28.476926667320512
2026-02-09,6,West,Shirts,15.122012225581674
2026-02-09,5,West,Shirts,14.345818774377513
2026-02-09,7,West,Shirts,15.122012225581674
2026-02-09,9,West,Shirts,14.7322916138398
2026-02-09,1,West,Shirts,14.7322916138398
2026-02-09,18,West,Shirts,14.216994504512474
2026-02-09,5,West,Trousers,1.5914903857039517
2026-02-09,6,West,Trousers,1.5914903857039517
2026-02-09,7,West,Trousers,1.5914903857039517
2026-02-09,9,West,Trousers,1.5914903857039517
2026-02-09,1,West,Trousers,2.485303291650143
2026-02-09,18,West,Trousers,1.5914903857039517
2026-02-16,2,East,Accessories,1.674342380481096
2026-02-16,4,East,Accessories,1.674342380481096
2026-02-16,17,East,Accessories,1.674342380481096
2026-02-16,15,East,Accessories,2.3556259391092444
2026-02-16,13,East,Accessories,1.674342380481096
2026-02-16,2,East,Dresses,31.493615058038333
2026-02-16,4,East,Dresses,45.94414015510988
2026-02-16,17,East,Dresses,43.01964469864105
2026-02-16,15,East,Dresses,31.493615058038333
2026-02-16,13,East,Dresses,31.493615058038333
2026-02-16,2,East,Jackets,25.601474938885037
2026-02-16,4,East,Jackets,32.83660777022038
2026-02-16,17,East,Jackets,25.601474938885037
2026-02-16,15,East,Jackets,25.601474938885037
2026-02-16,13,East,Jackets,32.36218791063302
2026-02-16,2,East,Shirts,21.411251869370492
2026-02-16,4,East,Shirts,11.370629799086887
2026-02-16,15,East,Shirts,11.370629799086887
2026-02-16,17,East,Shirts,11.370629799086887
2026-02-16,13,East,Shirts,11.370629799086887
2026-02-16,2,East,Trousers,5.223363433173517
2026-02-16,4,East,Trousers,5.573845002581945
2026-02-16,15,East,Trousers,5.023287979578135
2026-02-16,17,East,Trousers,5.298391735082944
2026-02-16,13,East,Trousers,5.573845002581945
2026-02-16,3,North,Accessories,2.4939590197337798
2026-02-16,10,North,Accessories,1.4301874714941305
2026-02-16,16,North,Accessories,1.4301874714941305
2026-02-16,19,North,Accessories,1.4301874714941305
2026-02-16,11,North,Accessories,1.4301874714941305
2026-02-16,14,North,Accessories,1.4301874714941305
2026-02-16,3,North,Dresses,30.68390448029946
2026-02-16,10,North,Dresses,30.68390448029946
2026-02-16,16,North,Dresses,30.68390448029946
2026-02-16,19,North,Dresses,30.68390448029946
2026-02-16,11,North,Dresses,30.68390448029946
2026-02-16,14,North,Dresses,30.68390448029946
2026-02-16,3,North,Jackets,14.210667522626375
2026-02-16,10,North,Jackets,12.146451496290826
2026-02-16,16,North,Jackets,12.146451496290826
2026-02-16,19,North,Jackets,12.146451496290826
2026-02-16,11,North,Jackets,12.146451496290826
2026-02-16,14,North,Jackets,12.146451496290826
2026-02-16,3,North,Shirts,11.492555683104552
2026-02-16,16,North,Shirts,22.011254875936103
2026-02-16,19,North,Shirts,11.492555683104552
2026-02-16,10,North,Shirts,17.59598163615966
2026-02-16,11,North,Shirts,11.492555683104552
2026-02-16,14,North,Shirts,11.492555683104552
2026-02-16,10,North,Trousers,12.498691395767858
2026-02-16,19,North,Trousers,20.539751145796377
2026-02-16,3,North,Trousers,12.498691395767858
2026-02-16,16,North,Trousers,10.739587755858887
2026-02-16,11,North,Trousers,13.930338052128869
2026-02-16,14,North,Trousers,12.498691395767858
2026-02-16,8,South,Accessories,9.30701734174264
2026-02-16,12,South,Accessories,9.30701734174264
2026-02-16,20,South,Accessories,9.30701734174264
2026-02-16,20,South,Dresses,77.12191584068324
2026-02-16,8,South,Dresses,166.10381215302422
2026-02-16,12,South,Dresses,98.17698883901404
2026-02-16,20,South,Jackets,25.193832379741625
2026-02-16,8,South,Jackets,25.193832379741625
2026-02-16,12,South,Jackets,25.193832379741625
2026-02-16,20,South,Shirts,1.5599286715636953
2026-02-16,8,South,Shirts,2.944073510490971
2026-02-16,12,South,Shirts,2.5702993198851187
2026-02-16,8,South,Trousers,29.418718707540283
2026-02-16,12,South,Trousers,29.418718707540283
2026-02-16,20,South,Trousers,29.418718707540283
2026-02-16,6,West,Accessories,4.533280890930036
2026-02-16,7,West,Accessories,4.670080550820664
2026-02-16,9,West,Accessories,4.533280890930036
2026-02-16,5,West,Accessories,4.701900629116674
2026-02-16,1,West,Accessories,4.533280890930036
2026-02-16,18,West,Accessories,4.533280890930036
2026-02-16,6,West,Dresses,43.98817410423579
2026-02-16,7,West,Dresses,20.382789993594674
2026-02-16,9,West,Dresses,44.621074144429926
2026-02-16,1,West,Dresses,20.382789993594674
2026-02-16,5,West,Dresses,20.382789993594674
2026-02-16,18,West,Dresses,41.32999214347683
2026-02-16,6,West,Jackets,28.562181770013233
2026-02-16,7,West,Jackets,28.562181770013233
2026-02-16,9,West,Jackets,28.562181770013233
2026-02-16,5,West,Jackets,28.562181770013233
2026-02-16,1,West,Jackets,28.562181770013233
2026-02-16,18,West,Jackets,28.562181770013233
2026-02-16,6,West,Shirts,15.58587920995457
2026-02-16,5,West,Shirts,14.78587606265117
2026-02-16,7,West,Shirts,15.58587920995457
2026-02-16,9,West,Shirts,15.184203937535273
2026-02-16,1,West,Shirts,15.184203937535273
2026-02-16,18,West,Shirts,14.653100114617583
2026-02-16,5,West,Trousers,1.5167018605848885
2026-02-16,6,West,Trousers,1.5167018605848885
2026-02-16,7,West,Trousers,1.5167018605848885
2026-02-16,9,West,Trousers,1.5167018605848885
2026-02-16,1,West,Trousers,2.368512031504483
2026-02-16,18,West,Trousers,1.5167018605848885
2026-02-23,2,East,Accessories,1.8582327427306382
2026-02-23,4,East,Accessories,1.8582327427306382
2026-02-23,17,East,Accessories,1.8582327427306382
2026-02-23,15,East,Accessories,2.61434059168989
2026-02-23,13,East,Accessories,1.8582327427306382
2026-02-23,2,East,Dresses,31.896890719746434
2026-02-23,4,East,Dresses,46.532454754387125
2026-02-23,17,East,Dresses,43.570511140944376
2026-02-23,15,East,Dresses,31.896890719746434
2026-02-23,13,East,Dresses,31.896890719746434
2026-02-23,2,East,Jackets,25.518258349049535
2026-02-23,4,East,Jackets,32.72987366498126
2026-02-23,17,East,Jackets,25.518258349049535
2026-02-23,15,East,Jackets,25.518258349049535
2026-02-23,13,East,Jackets,32.256995888534
2026-02-23,2,East,Shirts,23.813648944548714
2026-02-23,4,East,Shirts,12.646443466541717
2026-02-23,15,East,Shirts,12.646443466541717
2026-02-23,17,East,Shirts,12.646443466541717
2026-02-23,13,East,Shirts,12.646443466541717
2026-02-23,2,East,Trousers,5.8458645498830215
2026-02-23,4,East,Trousers,6.238115215226307
2026-02-23,15,East,Trousers,5.62194484442144
2026-02-23,17,East,Trousers,5.929834447054003
2026-02-23,13,East,Trousers,6.238115215226307
2026-02-23,3,North,Accessories,2.377940198478393
2026-02-23,10,North,Accessories,1.3636552376827333
2026-02-23,16,North,Accessories,1.3636552376827333
2026-02-23,19,North,Accessories,1.3636552376827333
2026-02-23,11,North,Accessories,1.3636552376827333
2026-02-23,14,North,Accessories,1.3636552376827333
2026-02-23,3,North,Dresses,30.83651250712648
2026-02-23,10,North,Dresses,30.83651250712648
2026-02-23,16,North,Dresses,30.83651250712648
2026-02-23,19,North,Dresses,30.83651250712648
2026-02-23,11,North,Dresses,30.83651250712648
2026-02-23,14,North,Dresses,30.83651250712648
2026-02-23,3,North,Jackets,14.236998550895633
2026-02-23,10,North,Jackets,12.168957726713202
2026-02-23,16,North,Jackets,12.168957726713202
2026-02-23,19,North,Jackets,12.168957726713202
2026-02-23,11,North,Jackets,12.168957726713202
2026-02-23,14,North,Jackets,12.168957726713202
2026-02-23,3,North,Shirts,11.50003601342697
2026-02-23,16,North,Shirts,22.025581668150387
2026-02-23,19,North,Shirts,11.50003601342697
2026-02-23,10,North,Shirts,17.607434593936418
2026-02-23,11,North,Shirts,11.50003601342697
2026-02-23,14,North,Shirts,11.50003601342697
2026-02-23,10,North,Trousers,12.545678835356984
2026-02-23,19,North,Trousers,20.616968054797393
2026-02-23,3,North,Trousers,12.545678835356984
2026-02-23,16,North,Trousers,10.779962041046966
2026-02-23,11,North,Trousers,13.982707608025107
2026-02-23,14,North,Trousers,12.545678835356984
2026-02-23,8,South,Accessories,9.871342859962478
2026-02-23,12,South,Accessories,9.871342859962478
2026-02-23,20,South,Accessories,9.871342859962478
2026-02-23,20,South,Dresses,81.94298544409709
2026-02-23,8,South,Dresses,176.48734621144126
2026-02-23,12,South,Dresses,104.31425982725351
2026-02-23,20,South,Jackets,25.663241769586225
2026-02-23,8,South,Jackets,25.663241769586225
2026-02-23,12,South,Jackets,25.663241769586225
2026-02-23,20,South,Shirts,1.6133664928811666
2026-02-23,8,South,Shirts,3.0449274002021025
2026-02-23,12,South,Shirts,2.6583489841372385
2026-02-23,8,South,Trousers,29.211886277329818
2026-02-23,12,South,Trousers,29.211886277329818
2026-02-23,20,South,Trousers,29.211886277329818
2026-02-23,6,West,Accessories,4.945618503532872
2026-02-23,7,West,Accessories,5.0948611702702715
2026-02-23,9,West,Accessories,4.945618503532872
2026-02-23,5,West,Accessories,5.129575535382626
2026-02-23,1,West,Accessories,4.945618503532872
2026-02-23,18,West,Accessories,4.945618503532872
2026-02-23,6,West,Dresses,44.384731012492935
2026-02-23,7,West,Dresses,20.566542475849587
2026-02-23,9,West,Dresses,45.02333669717644
2026-02-23,1,West,Dresses,20.566542475849587
2026-02-23,5,West,Dresses,20.566542475849587
2026-02-23,18,West,Dresses,41.70258532872412
2026-02-23,6,West,Jackets,28.974922960780454
2026-02-23,7,West,Jackets,28.974922960780454
2026-02-23,9,West,Jackets,28.974922960780454
2026-02-23,5,West,Jackets,28.974922960780454
2026-02-23,1,West,Jackets,28.974922960780454
2026-02-23,18,West,Jackets,28.974922960780454
2026-02-23,6,West,Shirts,16.123769142119247
2026-02-23,5,West,Shirts,15.296156795948212
2026-02-23,7,West,Shirts,16.123769142119247
2026-02-23,9,West,Shirts,15.708231508640726
2026-02-23,1,West,Shirts,15.708231508640726
2026-02-23,18,West,Shirts,15.158798568999282
2026-02-23,5,West,Trousers,1.637158938403108
2026-02-23,6,West,Trousers,1.637158938403108
2026-02-23,7,West,Trousers,1.637158938403108
2026-02-23,9,West,Trousers,1.637158938403108
2026-02-23,1,West,Trousers,2.5566202190834857
2026-02-23,18,West,Trousers,1.637158938403108
2026-03-02,2,East,Accessories,1.743944097370817
2026-03-02,4,East,Accessories,1.743944097370817
2026-03-02,17,East,Accessories,1.743944097370817
2026-03-02,15,East,Accessories,2.4535483303855465
2026-03-02,13,East,Accessories,1.743944097370817
2026-03-02,2,East,Dresses,31.543680379442673
2026-03-02,4,East,Dresses,46.01717744026348
2026-03-02,17,East,Dresses,43.08803292065269
2026-03-02,15,East,Dresses,31.543680379442673
2026-03-02,13,East,Dresses,31.543680379442673
2026-03-02,2,East,Jackets,25.21781836900034
2026-03-02,4,East,Jackets,32.344527515709835
2026-03-02,17,East,Jackets,25.21781836900034
2026-03-02,15,East,Jackets,25.21781836900034
2026-03-02,13,East,Jackets,31.87721717994674
2026-03-02,2,East,Shirts,24.304114622738005
2026-03-02,4,East,Shirts,12.906909491128838
2026-03-02,15,East,Shirts,12.906909491128838
2026-03-02,17,East,Shirts,12.906909491128838
2026-03-02,13,East,Shirts,12.906909491128838
2026-03-02,2,East,Trousers,5.596236904486522
2026-03-02,4,East,Trousers,5.97173784715674
2026-03-02,15,East,Trousers,5.38187892395977
2026-03-02,17,East,Trousers,5.676621154481433
2026-03-02,13,East,Trousers,5.97173784715674
2026-03-02,3,North,Accessories,2.581586106542209
2026-03-02,10,North,Accessories,1.4804381615517088
2026-03-02,16,North,Accessories,1.4804381615517088
2026-03-02,19,North,Accessories,1.4804381615517088
2026-03-02,11,North,Accessories,1.4804381615517088
2026-03-02,14,North,Accessories,1.4804381615517088
2026-03-02,3,North,Dresses,30.601502546225465
2026-03-02,10,North,Dresses,30.601502546225465
2026-03-02,16,North,Dresses,30.601502546225465
2026-03-02,19,North,Dresses,30.601502546225465
2026-03-02,11,North,Dresses,30.601502546225465
2026-03-02,14,North,Dresses,30.601502546225465
2026-03-02,3,North,Jackets,14.178350382430972
2026-03-02,10,North,Jackets,12.11882868580305
2026-03-02,16,North,Jackets,12.11882868580305
2026-03-02,19,North,Jackets,12.11882868580305
2026-03-02,11,North,Jackets,12.11882868580305
2026-03-02,14,North,Jackets,12.11882868580305
2026-03-02,3,North,Shirts,11.465153976862322
2026-03-02,16,North,Shirts,21.958773429966694
2026-03-02,19,North,Shirts,11.465153976862322
2026-03-02,10,North,Shirts,17.554027528376082
2026-03-02,11,North,Shirts,11.465153976862322
2026-03-02,14,North,Shirts,11.465153976862322
2026-03-02,10,North,Trousers,12.498691395767858
2026-03-02,19,North,Trousers,20.539751145796377
2026-03-02,3,North,Trousers,12.498691395767858
2026-03-02,16,North,Trousers,10.739587755858887
2026-03-02,11,North,Trousers,13.930338052128869
2026-03-02,14,North,Trousers,12.498691395767858
2026-03-02,8,South,Accessories,9.46063796384145
2026-03-02,12,South,Accessories,9.46063796384145
2026-03-02,20,South,Accessories,9.46063796384145
2026-03-02,20,South,Dresses,90.18580934204113
2026-03-02,8,South,Dresses,194.2405938769031
2026-03-02,12,South,Dresses,114.80745908208208
2026-03-02,20,South,Jackets,26.58599908432392
2026-03-02,8,South,Jackets,26.58599908432392
2026-03-02,12,South,Jackets,26.58599908432392
2026-03-02,20,South,Shirts,1.63525205104848
2026-03-02,8,South,Shirts,3.0862322965331055
2026-03-02,12,South,Shirts,2.694409886342699
2026-03-02,8,South,Trousers,29.996892602714524
2026-03-02,12,South,Trousers,29.996892602714524
2026-03-02,20,South,Trousers,29.996892602714524
2026-03-02,6,West,Accessories,4.620398618552508
2026-03-02,7,West,Accessories,4.759827207864438
2026-03-02,9,West,Accessories,4.620398618552508
2026-03-02,5,West,Accessories,4.792258784318319
2026-03-02,1,West,Accessories,4.620398618552508
2026-03-02,18,West,Accessories,4.620398618552508
2026-03-02,6,West,Dresses,44.901270706343
2026-03-02,7,West,Dresses,20.805891353530956
2026-03-02,9,West,Dresses,45.54730834290123
2026-03-02,1,West,Dresses,20.805891353530956
2026-03-02,5,West,Dresses,20.805891353530956
2026-03-02,18,West,Dresses,42.187910803658106
2026-03-02,6,West,Jackets,27.673932990814894
2026-03-02,7,West,Jackets,27.673932990814894
2026-03-02,9,West,Jackets,27.673932990814894
2026-03-02,5,West,Jackets,27.673932990814894
2026-03-02,1,West,Jackets,27.673932990814894
2026-03-02,18,West,Jackets,27.673932990814894
2026-03-02,6,West,Shirts,16.25095345584081
2026-03-02,5,West,Shirts,15.416812902316556
2026-03-02,7,West,Shirts,16.25095345584081
2026-03-02,9,West,Shirts,15.83213806092366
2026-03-02,1,West,Shirts,15.83213806092366
2026-03-02,18,West,Shirts,15.278371193479828
2026-03-02,5,West,Trousers,1.5281759935895447
2026-03-02,6,West,Trousers,1.5281759935895447
2026-03-02,7,West,Trousers,1.5281759935895447
2026-03-02,9,West,Trousers,1.5281759935895447
2026-03-02,1,West,Trousers,2.38643026763174
2026-03-02,18,West,Trousers,1.5281759935895447
2026-03-09,2,East,Accessories,1.743944097370817
2026-03-09,4,East,Accessories,1.743944097370817
2026-03-09,17,East,Accessories,1.743944097370817
2026-03-09,15,East,Accessories,2.4535483303855465
2026-03-09,13,East,Accessories,1.743944097370817
2026-03-09,2,East,Dresses,31.18683020372057
2026-03-09,4,East,Dresses,45.4965901892433
2026-03-09,17,East,Dresses,42.60058275839212
2026-03-09,15,East,Dresses,31.18683020372057
2026-03-09,13,East,Dresses,31.18683020372057
2026-03-09,2,East,Jackets,23.673295399225523
2026-03-09,4,East,Jackets,30.363512942461174
2026-03-09,17,East,Jackets,23.673295399225523
2026-03-09,15,East,Jackets,23.673295399225523
2026-03-09,13,East,Jackets,29.92482409714733
2026-03-09,2,East,Shirts,25.191261546786286
2026-03-09,4,East,Shirts,13.378036509403843
2026-03-09,15,East,Shirts,13.378036509403843
2026-03-09,17,East,Shirts,13.378036509403843
2026-03-09,13,East,Shirts,13.378036509403843
2026-03-09,2,East,Trousers,5.549688784508012
2026-03-09,4,East,Trousers,5.922066402839076
2026-03-09,15,East,Trousers,5.337113780857724
2026-03-09,17,East,Trousers,5.629404418113552
2026-03-09,13,East,Trousers,5.922066402839076
2026-03-09,3,North,Accessories,2.397589487024563
2026-03-09,10,North,Accessories,1.3749233323387173
2026-03-09,16,North,Accessories,1.3749233323387173
2026-03-09,19,North,Accessories,1.3749233323387173
2026-03-09,11,North,Accessories,1.3749233323387173
2026-03-09,14,North,Accessories,1.3749233323387173
2026-03-09,3,North,Dresses,30.42626329429929
2026-03-09,10,North,Dresses,30.42626329429929
2026-03-09,16,North,Dresses,30.42626329429929
2026-03-09,19,North,Dresses,30.42626329429929
2026-03-09,11,North,Dresses,30.42626329429929
2026-03-09,14,North,Dresses,30.42626329429929
2026-03-09,3,North,Jackets,14.143995349708037
2026-03-09,10,North,Jackets,12.089464003393992
2026-03-09,16,North,Jackets,12.089464003393992
2026-03-09,19,North,Jackets,12.089464003393992
2026-03-09,11,North,Jackets,12.089464003393992
2026-03-09,14,North,Jackets,12.089464003393992
2026-03-09,3,North,Shirts,11.545594858305314
2026-03-09,16,North,Shirts,22.112838791293566
2026-03-09,19,North,Shirts,11.545594858305314
2026-03-09,10,North,Shirts,17.677188669526632
2026-03-09,11,North,Shirts,11.545594858305314
2026-03-09,14,North,Shirts,11.545594858305314
2026-03-09,10,North,Trousers,12.561775985554876
2026-03-09,19,North,Trousers,20.643421340885663
2026-03-09,3,North,Trousers,12.561775985554876
2026-03-09,16,North,Trousers,10.793793629626554
2026-03-09,11,North,Trousers,14.000648585750861
2026-03-09,14,North,Trousers,12.561775985554876
2026-03-09,8,South,Accessories,9.073590689515449
2026-03-09,12,South,Accessories,9.073590689515449
2026-03-09,20,South,Accessories,9.073590689515449
2026-03-09,20,South,Dresses,91.0816903944536
2026-03-09,8,South,Dresses,196.1701265709402
2026-03-09,12,South,Dresses,115.94792483847588
2026-03-09,20,South,Jackets,28.04173503807323
2026-03-09,8,South,Jackets,28.04173503807323
2026-03-09,12,South,Jackets,28.04173503807323
2026-03-09,20,South,Shirts,1.63525205104848
2026-03-09,8,South,Shirts,3.0862322965331055
2026-03-09,12,South,Shirts,2.694409886342699
2026-03-09,8,South,Trousers,29.02597229551732
2026-03-09,12,South,Trousers,29.02597229551732
2026-03-09,20,South,Trousers,29.02597229551732
2026-03-09,6,West,Accessories,4.532047642541657
2026-03-09,7,West,Accessories,4.668810087010573
2026-03-09,9,West,Accessories,4.532047642541657
2026-03-09,5,West,Accessories,4.7006215088696175
2026-03-09,1,West,Accessories,4.532047642541657
2026-03-09,18,West,Accessories,4.532047642541657
2026-03-09,6,West,Dresses,43.601746873548876
2026-03-09,7,West,Dresses,20.203731297677145
2026-03-09,9,West,Dresses,44.22908701463799
2026-03-09,1,West,Dresses,20.203731297677145
2026-03-09,5,West,Dresses,20.203731297677145
2026-03-09,18,West,Dresses,40.96691650477289
2026-03-09,6,West,Jackets,27.10959894401849
2026-03-09,7,West,Jackets,27.10959894401849
2026-03-09,9,West,Jackets,27.10959894401849
2026-03-09,5,West,Jackets,27.10959894401849
2026-03-09,1,West,Jackets,27.10959894401849
2026-03-09,18,West,Jackets,27.10959894401849
2026-03-09,6,West,Shirts,16.525489421480284
2026-03-09,5,West,Shirts,15.67725728970106
2026-03-09,7,West,Shirts,16.525489421480284
2026-03-09,9,West,Shirts,16.099598756230183
2026-03-09,1,West,Shirts,16.099598756230183
2026-03-09,18,West,Shirts,15.536476811737737
2026-03-09,5,West,Trousers,1.636620365625136
2026-03-09,6,West,Trousers,1.636620365625136
2026-03-09,7,West,Trousers,1.636620365625136
2026-03-09,9,West,Trousers,1.636620365625136
2026-03-09,1,West,Trousers,2.5557791730363895
2026-03-09,18,West,Trousers,1.636620365625136
